	0:homdel:0-100Kb	0:homdel:100Kb-1Mb	0:homdel:>1Mb	1:LOH:0-100Kb	1:LOH:100Kb-1Mb	1:LOH:1Mb-10Mb	1:LOH:10Mb-40Mb	1:LOH:>40Mb	2:LOH:0-100Kb	2:LOH:100Kb-1Mb	2:LOH:1Mb-10Mb	2:LOH:10Mb-40Mb	2:LOH:>40Mb	3-4:LOH:0-100Kb	3-4:LOH:100Kb-1Mb	3-4:LOH:1Mb-10Mb	3-4:LOH:10Mb-40Mb	3-4:LOH:>40Mb	5-8:LOH:0-100Kb	5-8:LOH:100Kb-1Mb	5-8:LOH:1Mb-10Mb	5-8:LOH:10Mb-40Mb	5-8:LOH:>40Mb	9+:LOH:0-100Kb	9+:LOH:100Kb-1Mb	9+:LOH:1Mb-10Mb	9+:LOH:10Mb-40Mb	9+:LOH:>40Mb	2:het:0-100Kb	2:het:100Kb-1Mb	2:het:1Mb-10Mb	2:het:10Mb-40Mb	2:het:>40Mb	3-4:het:0-100Kb	3-4:het:100Kb-1Mb	3-4:het:1Mb-10Mb	3-4:het:10Mb-40Mb	3-4:het:>40Mb	5-8:het:0-100Kb	5-8:het:100Kb-1Mb	5-8:het:1Mb-10Mb	5-8:het:10Mb-40Mb	5-8:het:>40Mb	9+:het:0-100Kb	9+:het:100Kb-1Mb	9+:het:1Mb-10Mb	9+:het:10Mb-40Mb	9+:het:>40Mb
TCGA-04-1331	0	1	0	0	0	0	0	0	0	4	9	8	3	0	0	4	2	1	0	0	0	2	1	0	0	0	0	0	0	0	0	1	0	0	0	1	5	13	0	6	12	7	1	0	1	0	1	0
TCGA-04-1332	0	0	0	0	0	4	6	1	0	1	6	2	2	0	0	1	1	0	0	3	1	0	0	0	1	0	0	0	0	3	5	4	3	0	4	19	14	12	0	5	10	3	0	0	4	4	0	0
TCGA-04-1335	0	1	0	1	5	4	11	6	0	0	1	4	1	0	0	0	0	0	0	0	0	0	0	0	0	0	0	0	0	3	5	5	14	0	1	3	3	3	0	0	1	0	0	0	0	0	0	0
TCGA-04-1336	0	1	0	0	0	0	0	0	0	0	6	13	5	0	5	6	2	1	0	0	0	2	0	0	0	1	0	0	0	0	0	0	1	5	3	4	14	9	1	9	6	4	2	1	0	0	1	0
TCGA-04-1337	0	0	0	0	1	0	0	0	0	1	1	3	4	0	1	0	2	2	0	0	0	0	0	0	0	0	0	0	0	1	1	0	0	0	1	4	9	11	1	5	1	2	0	0	3	0	0	0
TCGA-04-1338	3	0	0	3	8	12	3	0	0	4	20	14	1	0	1	21	8	0	0	3	1	0	0	0	0	0	0	0	1	1	11	17	1	1	15	58	27	3	0	5	29	5	1	0	0	1	0	0
TCGA-04-1341	0	0	0	3	4	6	5	1	0	7	14	5	1	1	3	3	3	3	1	3	5	0	0	2	3	2	0	0	0	0	12	8	3	0	7	16	13	6	1	7	7	2	0	1	6	5	0	0
TCGA-04-1342	0	0	0	3	4	8	7	0	0	4	1	3	3	0	0	3	2	0	0	0	1	0	0	0	0	1	0	0	0	0	11	9	7	1	13	15	13	7	1	4	4	0	0	0	0	1	0	0
TCGA-04-1343	0	0	0	0	1	6	3	1	0	4	9	4	3	0	3	9	2	2	0	0	4	1	0	0	0	0	0	0	0	5	5	4	2	0	7	5	8	8	1	3	5	5	1	0	0	1	1	0
TCGA-04-1346	0	0	0	0	5	1	3	0	0	1	13	6	1	0	1	1	4	2	0	1	0	0	0	0	0	0	0	0	0	0	1	6	2	1	8	15	8	7	1	5	14	7	3	0	3	1	0	0
TCGA-04-1347	0	0	0	0	1	1	0	0	0	1	0	3	1	0	1	8	5	2	0	0	7	3	0	0	0	0	0	0	0	1	6	3	1	1	9	20	14	5	1	5	52	24	3	0	1	17	1	0
TCGA-04-1348	0	1	1	1	9	28	23	3	1	28	15	1	0	0	9	0	0	0	0	0	0	0	0	0	0	0	0	0	0	8	73	52	5	5	84	53	4	0	1	9	6	0	0	0	0	0	0	0
TCGA-04-1349	0	0	0	0	3	0	1	1	0	3	8	6	5	0	0	0	1	0	0	0	0	0	0	0	0	0	0	0	0	0	0	0	1	0	5	9	10	9	1	5	6	1	1	0	5	1	0	1
TCGA-04-1350	0	0	0	0	1	1	0	0	0	3	8	2	4	0	0	1	1	0	0	0	0	0	0	0	0	0	0	0	0	3	3	4	1	0	5	21	13	10	0	7	20	6	0	0	1	0	0	0
TCGA-04-1353	4	3	0	3	0	8	10	4	0	1	5	5	1	1	0	1	2	0	0	0	0	0	0	0	0	0	0	0	0	0	5	12	9	1	0	15	17	2	0	0	1	0	0	0	0	0	0	0
TCGA-04-1356	0	0	1	0	1	3	0	0	0	1	23	17	3	7	16	14	4	0	5	4	6	2	0	0	1	0	0	0	0	1	3	2	0	1	3	22	29	7	4	19	10	5	1	0	1	1	0	0
TCGA-04-1357	0	0	0	0	0	1	1	0	0	1	4	6	3	0	1	4	3	0	0	0	2	1	0	0	0	0	0	0	1	0	3	4	1	0	3	15	28	9	1	1	16	10	0	0	0	0	0	0
TCGA-04-1360	1	0	0	5	6	5	4	1	0	0	14	9	3	0	1	17	9	1	0	0	3	1	0	0	0	0	0	0	0	7	1	5	2	0	7	22	22	4	0	3	27	10	1	0	0	1	0	0
TCGA-04-1361	0	0	3	0	3	18	19	4	1	3	11	5	1	0	1	3	3	0	0	0	0	0	0	0	0	0	0	0	0	6	6	17	10	1	7	19	10	1	0	1	5	3	0	0	0	0	0	0
TCGA-04-1362	0	0	0	0	5	8	6	0	0	4	9	8	3	0	1	9	3	1	0	0	0	1	0	0	0	0	0	0	0	1	5	8	2	0	12	24	30	6	0	6	14	12	1	0	0	4	0	0
TCGA-04-1365	3	6	0	6	10	18	17	4	1	1	5	4	0	0	1	1	1	0	0	0	0	0	0	0	0	0	0	0	0	6	15	22	11	1	15	14	4	2	0	5	0	0	0	0	0	0	0	0
TCGA-04-1367	3	3	0	5	3	3	10	6	0	0	1	2	0	0	0	0	0	0	0	0	0	0	0	0	0	0	0	0	1	1	4	9	13	0	1	5	5	1	0	0	0	0	0	0	0	0	0	0
TCGA-04-1369	4	0	0	9	10	18	4	0	0	9	44	4	0	3	9	29	0	0	4	6	5	0	0	0	0	0	0	0	5	14	37	7	0	3	50	314	38	0	8	38	96	1	0	1	1	4	0	0
TCGA-04-1514	0	0	0	3	4	4	4	0	0	12	7	4	6	0	17	17	3	0	0	7	7	2	0	0	1	3	0	0	0	1	3	4	2	0	11	11	12	7	0	6	6	5	1	0	1	0	0	0
TCGA-04-1516	0	0	1	0	1	10	13	4	0	3	11	8	4	0	4	11	3	0	0	0	1	0	0	0	0	0	0	0	0	0	16	9	1	0	7	30	23	4	0	6	11	5	0	0	0	0	0	0
TCGA-04-1517	0	3	0	1	3	5	0	1	0	3	15	9	4	3	20	4	2	1	3	3	0	1	0	0	1	0	0	0	1	1	1	3	2	0	8	23	30	6	4	29	11	7	2	0	3	0	0	0
TCGA-04-1519	0	0	0	0	1	3	6	5	1	1	1	0	0	0	0	0	0	0	0	0	0	0	0	0	0	0	0	0	0	0	4	9	12	0	5	11	1	0	0	0	2	0	0	0	0	0	0	0
TCGA-04-1525	0	0	0	0	1	3	0	0	1	3	3	6	2	0	3	5	1	1	0	1	1	0	0	0	0	0	0	0	0	1	4	3	1	0	12	19	20	10	0	9	10	0	0	0	0	1	0	0
TCGA-04-1530	1	0	0	0	0	0	1	0	0	0	7	7	0	0	3	8	5	1	0	0	5	3	0	0	0	0	0	0	0	0	1	0	0	0	0	18	25	9	3	7	26	18	1	0	0	3	0	0
TCGA-04-1536	1	1	0	0	10	21	3	3	0	5	10	3	3	0	1	8	3	1	0	0	0	0	0	0	0	0	0	0	0	7	17	12	1	0	5	43	29	6	0	4	21	10	1	0	0	0	0	0
TCGA-04-1542	1	0	0	4	3	3	3	0	0	0	5	3	5	0	0	3	2	1	0	1	1	0	0	0	0	0	0	0	1	3	7	5	2	1	11	23	13	7	0	10	40	10	0	0	0	1	0	0
TCGA-04-1638	0	1	0	1	1	1	0	0	0	0	1	4	3	0	0	0	2	0	0	0	0	0	0	0	0	0	0	0	1	1	3	2	1	0	6	5	11	10	0	6	10	2	1	0	1	5	0	0
TCGA-04-1644	0	1	0	1	5	1	9	4	0	0	3	0	1	0	0	0	0	0	0	0	0	0	0	0	0	0	0	0	0	0	4	2	14	0	5	3	4	0	0	0	0	2	0	0	0	0	0	0
TCGA-04-1646	0	0	0	1	1	0	0	0	2	1	7	5	6	0	4	0	2	0	1	1	0	0	0	0	0	0	0	0	0	4	0	0	1	3	10	14	6	10	1	14	24	3	1	1	4	4	0	0
TCGA-04-1648	0	0	0	0	0	3	0	1	0	3	8	4	4	0	4	1	0	0	0	0	0	0	0	0	0	1	0	0	0	0	0	0	0	0	1	9	10	12	0	12	5	1	0	0	3	1	0	0
TCGA-04-1649	1	0	0	1	1	4	1	1	0	3	5	5	2	0	5	8	5	1	0	6	2	1	0	0	0	0	0	0	1	0	7	6	3	4	9	11	11	7	0	10	8	2	1	0	0	0	0	0
TCGA-04-1651	3	0	1	1	1	4	20	7	1	4	1	2	0	0	0	0	0	0	0	0	0	0	0	0	0	0	0	0	1	7	11	13	12	3	8	12	10	0	0	0	1	0	0	0	0	0	0	0
TCGA-04-1652	0	0	1	0	0	8	3	0	1	0	5	1	1	0	0	5	1	0	0	1	2	0	0	0	0	0	0	0	0	3	6	7	2	3	4	34	16	10	1	10	22	4	1	0	3	3	0	0
TCGA-04-1654	0	3	0	5	6	13	19	3	1	0	6	7	1	0	0	1	1	0	0	3	0	0	0	0	0	0	0	0	0	3	12	19	10	1	5	10	8	2	0	0	0	1	0	0	0	0	0	0
TCGA-04-1655	0	0	0	0	0	0	0	0	0	1	1	0	1	0	4	9	5	4	0	0	1	0	0	0	0	0	0	0	1	0	0	2	1	0	4	7	5	4	0	5	13	11	8	0	0	6	1	0
TCGA-09-0364	0	0	0	0	5	4	0	0	0	3	15	7	3	0	1	11	7	1	1	1	2	3	0	0	0	0	0	0	0	1	1	4	1	0	11	34	13	8	1	5	15	4	1	0	0	0	0	0
TCGA-09-0365	0	1	0	1	0	0	0	0	0	3	0	3	2	0	1	4	5	4	0	3	2	0	1	0	0	0	0	0	0	0	0	1	1	0	0	3	3	6	0	6	11	5	8	0	3	6	0	0
TCGA-09-0366	0	0	0	0	1	9	1	1	0	1	3	2	3	0	1	5	1	0	0	0	0	0	0	1	3	1	0	0	0	1	5	3	4	3	3	14	10	12	0	8	9	0	0	0	1	3	0	0
TCGA-09-0367	0	0	0	0	0	1	1	0	0	0	5	4	1	0	1	14	9	1	0	0	1	1	0	0	0	0	0	0	0	1	9	6	0	0	14	59	40	3	0	12	55	20	0	0	0	6	1	0
TCGA-09-0369	3	1	0	3	9	6	3	0	0	6	3	6	4	0	1	1	4	2	0	0	0	0	0	0	0	0	0	0	0	8	9	10	2	0	6	19	21	6	0	4	8	1	1	0	1	3	0	0
TCGA-09-1659	0	3	0	0	3	8	0	1	0	3	10	6	1	0	7	6	1	1	0	4	2	0	0	0	0	0	0	0	0	3	7	10	3	3	15	26	11	7	1	8	7	0	0	0	3	0	0	0
TCGA-09-1661	1	0	0	0	5	3	0	0	1	8	6	3	3	1	4	16	2	3	0	0	5	1	0	0	0	0	0	0	0	0	4	2	0	0	7	9	7	7	0	4	12	5	5	0	0	3	1	0
TCGA-09-1662	3	0	0	0	6	7	15	4	0	7	6	2	0	0	0	3	2	0	0	0	0	1	0	0	0	0	0	0	0	3	13	26	10	1	19	10	11	1	0	0	0	0	0	0	0	0	0	0
TCGA-09-1664	0	0	0	0	3	3	7	1	0	0	0	0	0	0	0	0	0	0	0	0	0	0	0	0	0	0	0	0	0	1	5	4	17	0	0	0	0	0	0	0	0	0	0	0	0	0	0	0
TCGA-09-1665	3	5	1	3	25	29	15	0	1	18	48	7	2	3	13	35	5	1	1	0	5	1	0	0	0	0	0	0	1	12	38	15	1	0	29	74	24	3	0	7	16	2	0	0	0	1	0	0
TCGA-09-1666	0	0	0	0	1	8	13	7	1	0	5	4	1	0	0	0	0	0	0	0	0	0	0	0	0	0	0	0	0	1	1	12	11	3	3	12	3	2	0	1	0	1	0	0	0	0	0	0
TCGA-09-1667	0	0	0	0	3	3	1	0	0	7	5	3	1	0	3	11	4	1	1	3	2	2	0	1	1	0	0	0	0	9	5	3	2	0	10	48	20	8	1	15	57	7	0	3	14	18	0	0
TCGA-09-1668	1	1	0	1	1	1	0	0	0	1	6	10	5	0	0	8	3	1	0	0	0	1	1	0	0	0	0	0	0	1	1	1	0	0	1	7	13	12	3	1	6	4	2	0	0	0	0	0
TCGA-09-1669	0	4	0	0	1	1	0	0	0	4	9	10	2	0	4	4	4	1	1	0	2	0	0	1	0	0	0	0	0	1	0	0	0	0	4	8	13	10	0	7	22	9	3	5	5	4	1	0
TCGA-09-1670	0	0	0	0	3	0	1	0	0	3	4	1	6	0	0	4	1	0	0	0	0	0	0	0	0	0	0	0	0	0	1	1	2	0	3	6	2	9	0	1	7	4	1	0	0	0	0	0
TCGA-09-1672	0	0	0	0	0	0	0	0	0	0	1	0	2	0	1	0	0	1	0	0	0	0	0	0	0	0	0	0	0	0	0	0	3	0	0	0	2	10	0	0	0	0	1	0	0	0	0	0
TCGA-09-1673	0	0	0	0	3	0	0	0	0	3	30	5	0	1	15	25	1	0	0	8	5	0	0	0	1	0	0	0	0	8	6	1	0	0	37	212	42	2	5	95	183	3	0	3	17	22	0	0
TCGA-09-1674	1	0	0	1	5	3	0	0	1	0	3	2	2	0	3	1	4	3	0	0	0	0	0	0	0	0	0	0	1	1	3	4	1	0	11	19	13	6	1	6	16	8	3	0	5	4	0	0
TCGA-09-1675	0	0	0	0	6	12	14	7	1	8	6	5	1	0	4	1	1	0	0	0	0	0	0	0	0	0	0	0	0	3	9	30	8	4	15	11	5	1	0	1	0	0	0	0	0	0	0	0
TCGA-09-2043	1	0	0	0	3	15	15	5	0	4	14	15	1	0	8	10	2	1	0	0	2	0	0	0	0	0	0	0	0	6	12	22	2	1	13	34	15	4	1	6	10	3	0	0	0	1	0	0
TCGA-09-2044	0	5	3	5	11	32	23	6	7	8	10	4	1	1	1	4	2	0	0	0	0	1	0	0	0	0	0	0	0	1	29	24	4	1	21	22	14	0	0	3	3	1	0	0	0	0	0	0
TCGA-09-2045	0	0	0	3	6	4	6	4	0	0	1	1	1	0	0	0	1	0	0	0	0	0	0	0	0	0	0	0	0	0	10	14	17	3	12	4	14	2	3	3	0	0	0	0	0	0	0	0
TCGA-09-2049	0	0	0	0	3	8	1	0	0	0	6	6	1	0	1	3	2	1	0	1	1	3	0	0	0	0	0	0	0	3	6	10	1	0	11	27	28	7	0	0	25	9	1	0	0	1	0	0
TCGA-09-2050	4	0	0	1	10	15	14	8	0	4	5	4	1	0	0	3	1	0	0	0	0	0	0	0	0	0	0	0	0	0	14	23	7	0	11	8	8	0	0	0	1	0	0	0	0	0	0	0
TCGA-09-2051	1	0	0	0	1	1	8	0	0	5	24	10	4	0	5	17	10	0	0	1	3	0	0	0	0	0	0	0	0	1	13	5	1	0	15	41	28	3	0	12	26	12	0	2	1	1	0	0
TCGA-09-2053	1	1	0	0	7	19	9	8	0	8	1	2	0	0	3	0	0	0	0	0	0	0	0	0	0	0	0	0	0	4	10	12	7	0	8	9	6	2	0	0	0	0	0	0	0	0	0	0
TCGA-09-2054	0	0	0	1	4	5	0	3	0	3	12	4	2	0	4	6	4	2	0	4	1	0	0	0	0	1	0	0	0	3	11	11	2	1	20	36	21	5	1	6	11	5	1	0	0	4	0	0
TCGA-09-2055	0	1	0	0	3	12	10	5	0	1	0	3	0	0	1	0	0	0	0	0	0	0	0	0	0	0	0	0	0	0	3	7	15	1	1	4	6	4	0	0	0	0	0	0	0	0	0	0
TCGA-09-2056	1	0	0	1	3	13	16	5	0	4	5	0	1	0	0	0	0	0	0	0	0	0	0	0	0	0	0	0	1	3	8	15	10	1	4	8	6	1	0	1	2	0	0	0	0	1	0	0
TCGA-10-0925	0	1	0	1	1	4	12	3	0	3	0	1	0	0	0	0	0	0	0	0	0	0	0	0	0	0	0	0	0	0	3	8	15	1	1	4	3	3	0	0	0	0	0	0	0	0	0	0
TCGA-10-0926	0	0	0	1	3	6	1	0	0	1	5	3	3	0	3	7	1	0	0	0	2	0	0	0	0	0	0	0	1	0	5	1	3	1	3	4	2	9	0	0	2	0	0	0	1	5	1	0
TCGA-10-0927	0	0	0	0	1	3	1	1	2	1	5	5	4	0	3	1	2	0	1	0	1	0	0	0	0	0	0	0	1	1	3	6	1	0	4	16	14	9	1	5	3	3	1	0	1	3	1	0
TCGA-10-0928	0	6	1	0	6	28	26	6	0	7	7	7	2	0	3	3	1	0	0	0	0	1	0	0	0	0	0	0	0	7	13	18	5	0	4	18	8	1	0	1	2	0	0	0	0	0	0	0
TCGA-10-0930	3	3	1	0	3	5	4	0	3	4	11	18	2	0	1	7	9	2	1	1	4	1	0	0	0	0	0	0	0	1	1	1	0	0	1	26	24	7	0	11	16	14	1	0	0	3	1	0
TCGA-10-0931	0	0	0	0	5	9	12	4	0	0	9	6	1	0	0	4	5	0	0	0	0	0	0	0	0	0	0	0	0	0	8	11	10	1	5	14	11	0	0	0	3	0	0	0	0	0	0	0
TCGA-10-0933	0	0	0	0	5	1	4	2	0	0	5	0	4	0	0	4	0	1	0	0	0	0	0	0	0	0	0	0	0	1	4	4	7	0	1	15	6	5	0	0	2	3	2	1	1	0	0	0
TCGA-10-0934	0	1	0	3	5	3	3	3	0	0	0	1	0	0	0	0	1	0	0	0	0	0	0	0	0	0	0	0	0	3	33	38	15	0	39	24	3	1	0	0	1	0	0	0	0	0	0	0
TCGA-10-0935	0	0	0	0	3	0	1	0	0	0	3	1	2	0	0	6	6	1	0	5	0	0	0	0	0	0	0	0	0	0	6	9	2	1	9	14	20	9	0	11	20	7	2	0	0	1	0	0
TCGA-10-0936	0	0	0	0	1	0	0	0	0	3	5	4	1	0	4	5	4	0	0	4	1	0	0	0	2	0	0	0	0	1	7	4	0	0	9	29	19	7	1	15	18	13	3	0	3	5	1	1
TCGA-10-0937	0	0	0	1	5	13	14	5	0	0	3	1	1	0	3	1	0	0	0	0	0	0	0	0	0	0	0	0	1	0	8	14	12	0	3	13	13	0	0	1	2	1	1	0	0	0	0	0
TCGA-10-0938	1	1	1	1	6	1	0	0	2	8	5	1	0	1	3	8	3	2	0	3	6	0	0	2	0	0	0	0	3	4	8	2	1	1	7	12	7	12	1	4	18	4	3	1	10	4	0	0
TCGA-13-0714	1	3	0	4	3	13	21	3	0	10	16	10	1	0	3	4	0	0	0	1	0	0	0	0	0	0	0	0	0	0	8	18	8	6	11	12	15	0	0	1	2	3	0	0	0	0	0	0
TCGA-13-0717	0	0	0	0	4	13	3	5	4	16	20	1	1	4	8	9	1	1	0	7	6	0	0	0	1	0	0	0	0	0	7	3	2	0	16	27	15	7	3	7	6	0	0	1	0	0	0	0
TCGA-13-0720	0	1	1	0	3	9	8	7	1	0	1	5	2	1	0	0	1	0	0	0	0	0	0	0	0	0	0	0	0	1	4	7	12	0	3	4	7	2	0	0	0	0	0	0	0	0	0	0
TCGA-13-0723	0	0	1	0	1	16	3	0	1	3	18	4	2	1	5	5	2	2	0	1	2	0	0	0	1	1	0	0	0	6	7	4	2	1	12	31	13	7	0	11	14	2	0	0	4	9	0	0
TCGA-13-0724	0	0	0	0	3	0	0	0	1	7	6	1	0	0	8	9	7	3	1	10	5	2	0	0	3	0	0	0	0	0	0	0	0	3	6	14	12	6	1	36	35	24	5	2	20	23	2	0
TCGA-13-0725	1	0	1	0	5	13	11	7	0	0	3	2	1	0	0	0	0	0	0	0	0	0	0	0	0	0	0	0	0	0	11	12	14	0	4	7	8	2	0	0	0	0	0	0	0	0	0	0
TCGA-13-0726	1	0	0	3	10	1	7	6	0	0	5	5	0	0	0	0	0	0	0	0	0	0	0	0	0	0	0	0	0	3	4	12	12	1	4	3	9	3	0	1	1	2	0	0	0	0	0	0
TCGA-13-0727	0	0	0	0	0	1	0	0	1	3	5	2	3	0	5	3	4	1	0	1	0	0	0	0	0	0	0	0	0	1	0	1	1	1	12	16	23	10	1	10	6	3	1	0	1	0	0	1
TCGA-13-0730	0	0	0	0	4	6	1	0	0	3	4	2	3	0	4	3	3	1	0	3	2	1	0	0	0	0	0	0	0	4	10	3	4	0	7	15	12	9	0	6	4	5	1	1	4	5	0	0
TCGA-13-0751	0	0	0	0	4	7	5	0	0	4	12	6	1	1	12	5	3	0	0	1	1	0	0	0	0	0	0	0	0	7	12	21	3	0	34	33	21	5	0	17	17	8	1	0	0	0	0	0
TCGA-13-0755	1	3	0	3	0	16	13	6	1	3	1	1	1	0	1	0	0	0	0	0	0	0	0	0	0	0	0	0	0	0	11	8	15	1	3	6	9	0	0	0	0	1	0	0	0	0	0	0
TCGA-13-0757	0	1	0	0	0	1	0	0	1	6	4	1	1	0	3	8	5	3	0	0	0	0	0	0	0	0	0	0	0	4	6	3	1	1	13	24	16	7	0	15	44	11	4	3	7	9	1	0
TCGA-13-0758	0	1	1	3	5	3	0	0	0	1	6	13	3	0	3	5	4	0	0	0	0	1	0	1	0	0	0	0	3	1	1	3	1	0	4	18	23	7	0	6	18	6	1	1	0	3	1	0
TCGA-13-0760	1	3	1	4	12	30	14	1	1	16	40	10	1	1	17	27	5	0	0	3	2	0	0	0	0	0	0	0	1	11	37	18	0	2	34	85	33	0	0	13	29	5	1	0	1	0	0	0
TCGA-13-0761	0	0	0	0	1	0	1	0	0	3	11	12	1	0	0	7	4	3	0	0	5	1	0	0	0	0	0	0	0	0	0	1	0	0	3	14	19	9	0	8	10	5	3	0	1	7	2	0
TCGA-13-0762	0	0	0	1	3	0	0	0	0	0	8	4	0	0	16	18	3	2	0	7	18	3	1	0	0	0	0	0	0	1	0	2	1	0	6	17	7	6	0	12	41	17	6	0	5	15	2	0
TCGA-13-0764	0	1	0	0	9	6	1	0	1	7	5	2	1	1	12	19	7	2	0	7	12	3	0	2	0	0	0	0	6	11	11	2	0	0	23	68	25	6	0	27	86	12	0	0	15	16	0	0
TCGA-13-0766	0	0	0	0	1	0	0	0	0	3	16	11	3	1	7	18	15	0	0	8	4	1	0	0	0	0	0	0	0	1	3	0	0	1	6	29	30	8	1	20	34	8	1	0	0	3	1	0
TCGA-13-0768	0	0	0	0	1	9	14	4	0	6	6	4	3	1	3	1	0	1	0	0	0	0	0	0	3	1	0	0	1	0	9	5	8	1	0	20	4	3	0	6	8	3	0	0	3	4	0	0
TCGA-13-0791	0	0	0	0	0	0	0	0	1	5	26	4	0	3	16	13	3	0	4	7	8	0	0	0	3	1	0	0	1	0	0	0	0	2	37	178	52	0	8	132	182	6	0	1	44	27	0	0
TCGA-13-0792	0	0	1	0	8	12	8	0	1	4	23	5	3	0	1	11	7	1	0	0	1	0	0	0	0	0	0	0	1	5	17	15	1	0	13	45	27	5	0	8	24	7	0	0	0	7	0	0
TCGA-13-0793	0	0	0	0	1	8	11	6	0	3	0	2	0	0	0	0	0	0	0	0	0	0	0	0	0	0	0	0	0	3	9	10	12	0	3	6	7	0	0	0	0	0	0	0	0	0	0	0
TCGA-13-0794	0	0	0	3	4	3	0	0	2	3	19	3	0	0	10	9	0	0	0	8	3	1	0	0	2	0	0	0	0	5	5	1	1	4	19	98	58	8	3	63	43	5	0	0	10	0	0	0
TCGA-13-0795	0	0	0	0	1	0	0	0	0	1	5	1	0	1	7	5	6	1	0	3	3	0	0	0	0	2	0	0	1	0	3	6	2	0	1	24	18	7	3	9	24	14	3	1	4	6	0	0
TCGA-13-0799	1	3	0	1	1	0	0	0	0	1	8	10	3	0	0	0	3	2	0	0	0	1	0	0	0	0	0	0	5	1	0	0	1	1	1	9	11	12	0	4	13	7	1	0	0	0	1	0
TCGA-13-0800	0	0	0	0	4	0	0	0	2	18	10	4	1	0	1	0	1	1	0	0	0	0	0	0	0	0	0	0	1	3	4	0	1	1	8	19	8	10	0	5	6	6	5	1	10	4	0	0
TCGA-13-0801	1	5	0	1	5	0	0	0	0	10	14	17	4	1	8	11	5	1	0	5	2	0	0	0	0	0	0	0	1	0	0	0	0	3	7	22	21	7	0	19	7	11	2	0	3	1	0	0
TCGA-13-0802	1	0	1	0	1	1	5	0	0	5	6	1	2	1	1	3	3	0	0	3	0	0	0	1	0	0	0	0	0	4	5	4	2	3	10	43	20	9	6	19	32	1	1	1	8	16	0	0
TCGA-13-0803	0	0	0	0	1	3	1	0	0	3	6	3	1	0	4	1	2	2	0	1	0	2	0	0	0	0	0	0	0	6	10	5	1	0	17	25	27	7	1	30	10	14	4	0	1	0	0	0
TCGA-13-0804	1	1	1	0	0	13	9	6	0	0	0	1	0	0	0	0	0	0	0	0	0	0	0	0	0	1	0	0	0	5	8	8	12	0	6	3	0	2	0	1	1	3	0	0	1	1	0	0
TCGA-13-0805	0	1	0	0	5	3	11	6	0	0	1	3	1	0	0	1	0	0	0	0	0	0	0	0	0	0	0	0	0	1	4	8	11	0	0	3	2	3	0	0	0	0	0	0	0	0	0	0
TCGA-13-0807	1	0	0	3	6	10	1	0	0	15	13	4	2	0	7	17	3	1	0	5	4	0	0	1	4	3	0	0	0	3	13	5	2	0	14	29	25	9	1	17	19	2	0	2	12	6	0	0
TCGA-13-0883	1	0	0	0	0	4	1	1	0	0	13	2	3	0	0	6	4	2	0	0	0	0	0	0	0	0	0	0	0	1	7	6	2	0	6	23	16	10	0	1	15	11	1	0	0	1	0	0
TCGA-13-0884	0	0	0	0	0	0	3	0	0	3	1	6	1	0	1	5	4	2	0	0	0	2	0	0	0	0	0	0	1	0	4	3	0	0	4	33	20	7	0	6	10	15	3	0	0	1	1	0
TCGA-13-0885	0	0	0	0	0	1	1	0	0	0	15	5	1	1	0	13	9	3	0	0	5	2	0	0	0	0	0	0	0	1	3	5	0	1	6	34	16	1	1	4	58	30	2	0	1	6	4	0
TCGA-13-0886	1	3	0	0	0	1	0	0	0	1	4	15	3	0	1	1	2	1	0	0	0	0	0	0	0	0	0	0	0	0	0	0	0	3	0	6	11	11	0	5	1	6	2	0	0	0	0	0
TCGA-13-0887	3	4	0	5	5	4	3	0	0	4	6	15	2	0	10	11	5	1	0	3	4	2	0	0	1	0	0	0	0	0	1	2	1	1	8	14	23	10	4	3	15	10	0	0	1	0	0	0
TCGA-13-0888	0	0	1	0	1	6	1	0	0	9	6	3	0	4	4	18	10	3	0	3	12	4	3	0	1	1	0	0	1	3	5	2	0	1	10	33	10	7	0	7	40	8	1	1	12	15	0	0
TCGA-13-0889	0	3	0	1	6	15	6	6	0	8	3	0	0	0	1	0	0	0	0	0	0	0	0	0	0	0	0	0	0	0	18	19	16	0	20	10	7	1	0	1	0	0	0	0	0	0	0	0
TCGA-13-0890	0	1	1	1	4	18	17	8	0	11	6	6	1	0	3	3	1	0	0	0	0	0	0	0	0	0	0	0	0	3	12	13	7	0	3	15	9	0	0	1	2	0	0	0	0	3	0	0
TCGA-13-0891	0	0	0	1	1	0	0	0	1	5	14	17	2	0	13	21	0	0	4	0	1	0	0	0	0	0	0	0	0	1	13	4	1	2	16	71	44	5	0	40	67	4	0	0	7	5	0	0
TCGA-13-0893	1	1	0	1	3	9	6	0	0	3	21	9	1	0	8	15	6	0	0	1	0	0	0	0	0	0	0	0	0	1	13	7	1	0	18	73	34	5	3	25	37	7	1	0	0	7	2	0
TCGA-13-0894	0	1	0	0	0	0	0	0	0	0	1	1	0	0	0	8	8	7	0	0	1	1	0	0	0	0	0	0	0	0	0	0	1	0	3	4	6	3	0	0	13	20	7	0	4	3	2	0
TCGA-13-0897	1	0	0	0	9	9	21	3	1	4	3	2	1	1	0	1	3	0	1	0	0	0	0	0	0	0	0	0	0	3	12	13	13	0	6	7	14	0	0	1	0	2	0	0	0	0	0	0
TCGA-13-0899	0	0	0	0	1	3	0	0	0	3	1	2	0	0	0	3	2	4	0	1	0	0	0	0	0	0	0	0	0	1	4	1	0	1	4	24	9	9	0	4	11	6	6	0	4	4	2	0
TCGA-13-0900	0	0	0	1	3	15	18	6	0	7	6	5	1	1	7	1	0	0	0	0	0	0	0	0	0	0	0	0	0	4	18	17	9	4	19	11	7	0	0	1	0	0	0	0	0	0	0	0
TCGA-13-0901	0	0	0	3	3	6	5	0	1	5	7	3	1	0	0	9	1	0	1	4	4	0	0	1	2	0	0	0	0	6	8	7	2	1	18	41	21	11	0	11	29	1	1	2	16	12	0	0
TCGA-13-0903	4	6	0	0	4	13	13	6	1	1	3	3	1	0	0	1	1	0	0	0	0	0	0	0	0	0	0	0	0	0	4	10	16	0	3	10	6	2	0	1	0	1	0	0	0	0	0	0
TCGA-13-0904	0	0	0	0	3	6	10	1	0	5	10	10	3	1	13	16	5	1	0	4	3	3	0	0	0	0	1	0	0	0	6	7	1	0	15	50	26	6	1	7	22	9	0	0	1	0	0	0
TCGA-13-0905	1	3	1	1	11	16	19	4	0	3	13	5	0	1	1	3	1	0	0	0	0	0	0	0	0	0	0	0	1	1	15	20	11	0	4	12	16	0	0	0	1	3	0	0	0	0	0	0
TCGA-13-0906	0	4	0	3	3	4	17	5	0	4	1	2	1	0	0	0	2	1	0	0	0	0	0	0	0	0	0	0	0	4	7	6	12	0	3	11	6	3	0	0	0	0	0	0	0	0	0	0
TCGA-13-0908	0	1	3	1	3	9	14	6	0	1	3	1	0	0	0	0	0	0	0	0	0	0	0	0	0	0	0	0	1	1	14	11	15	0	8	11	8	3	0	1	3	2	0	0	0	1	0	0
TCGA-13-0910	0	3	0	1	9	15	8	6	1	4	5	2	0	0	4	3	0	0	0	0	0	0	0	0	0	0	0	0	0	3	10	19	11	1	18	8	5	2	0	3	0	0	0	0	0	0	0	0
TCGA-13-0911	0	4	0	0	0	1	0	0	0	1	6	8	6	0	5	6	2	0	0	1	1	1	0	0	0	0	0	0	0	0	0	3	1	0	1	9	9	9	0	7	17	7	1	0	3	3	0	0
TCGA-13-0912	0	0	1	0	13	11	5	5	0	6	5	2	0	0	5	1	0	0	0	1	0	0	0	0	1	0	0	0	0	4	11	11	15	0	13	4	3	0	1	0	6	0	0	0	1	1	0	0
TCGA-13-0913	1	0	1	7	5	15	17	6	0	4	4	6	0	0	0	5	2	0	0	0	0	0	0	0	0	0	0	0	0	1	13	15	11	0	6	13	4	1	0	1	3	1	0	0	0	0	0	0
TCGA-13-0916	1	1	0	0	9	20	18	9	1	6	25	4	0	0	0	4	0	0	0	0	0	0	0	0	0	0	0	0	0	7	12	14	7	3	12	36	4	0	1	4	6	0	0	0	0	0	0	0
TCGA-13-0919	0	0	0	1	0	0	1	0	0	4	10	5	4	0	3	3	5	0	0	0	0	0	0	0	0	0	0	0	0	0	1	0	1	0	0	11	16	10	0	1	8	8	1	1	0	1	1	0
TCGA-13-0920	0	1	0	0	3	11	11	0	1	13	22	3	1	0	9	35	18	1	0	9	23	4	0	1	1	2	0	0	0	1	11	6	1	1	13	72	23	3	1	16	86	19	0	0	3	3	0	0
TCGA-13-0921	0	0	1	1	4	4	1	0	0	8	18	4	1	1	8	9	1	0	0	1	1	1	0	0	0	2	0	0	1	6	7	6	3	0	11	27	14	12	1	4	6	0	1	0	1	5	0	0
TCGA-13-0923	0	0	0	0	1	8	3	0	0	1	15	4	3	1	5	10	7	0	0	0	2	0	0	0	0	0	0	0	0	0	12	9	2	1	11	23	34	6	0	0	9	8	0	0	0	1	0	0
TCGA-13-0924	3	0	0	1	0	0	0	0	0	0	0	0	0	0	0	4	11	4	0	0	3	0	4	0	0	0	0	0	0	0	0	0	0	0	0	1	2	1	0	0	4	6	11	0	0	3	4	2
TCGA-13-1403	4	3	0	1	4	15	15	3	1	8	5	3	0	0	1	3	1	1	0	0	0	0	0	0	0	0	0	0	0	4	12	14	11	1	12	4	9	3	0	1	2	3	0	0	0	0	0	0
TCGA-13-1404	0	3	1	0	7	8	19	4	3	3	3	5	1	3	0	3	1	0	0	0	0	0	0	0	0	0	0	0	1	1	8	16	9	7	8	8	6	3	0	0	1	0	0	0	0	0	0	0
TCGA-13-1405	0	0	0	0	4	18	18	7	3	29	1	0	0	1	3	0	0	0	0	3	0	0	0	0	0	0	0	0	0	3	26	23	10	3	42	3	1	1	0	6	0	0	0	0	0	0	0	0
TCGA-13-1407	0	0	0	0	4	4	1	1	0	3	7	4	1	0	5	16	2	1	0	0	4	0	0	0	0	0	0	0	1	4	13	5	3	0	16	32	13	10	0	6	11	5	0	0	1	1	0	0
TCGA-13-1408	0	0	0	0	1	5	0	0	0	0	6	4	1	0	0	6	2	1	0	0	2	3	0	0	0	0	0	0	0	0	7	3	1	0	5	48	33	5	0	13	56	25	1	0	0	4	0	0
TCGA-13-1409	0	0	0	0	1	1	0	0	0	0	1	3	2	0	3	1	1	2	0	0	0	1	0	0	0	0	0	0	0	0	1	1	2	0	5	5	7	8	0	5	4	1	5	0	0	1	0	0
TCGA-13-1410	0	0	0	1	0	1	0	0	0	5	11	2	2	0	5	1	1	3	0	0	5	1	0	0	1	0	0	0	0	1	3	8	3	1	29	31	15	6	1	14	34	5	2	2	6	5	0	0
TCGA-13-1411	1	1	1	1	7	6	1	0	0	1	1	5	3	0	1	1	2	1	0	0	0	0	0	0	0	0	0	0	0	0	5	5	3	0	6	7	10	7	0	3	5	2	2	0	0	4	1	0
TCGA-13-1412	0	1	0	0	3	6	16	3	0	1	0	4	0	0	0	0	3	0	0	0	0	0	0	0	0	0	0	0	0	1	5	9	13	0	5	15	15	3	0	0	1	0	0	0	0	0	0	0
TCGA-13-1477	0	0	0	1	0	3	1	1	0	0	0	0	0	0	0	0	0	0	0	0	0	0	0	0	0	0	0	0	0	0	4	3	16	0	1	1	3	2	0	0	0	0	0	0	0	0	0	0
TCGA-13-1481	0	0	0	0	1	4	4	0	0	0	10	12	1	0	1	7	8	0	0	0	1	1	0	0	0	0	0	0	0	0	6	3	1	0	0	25	34	7	0	3	8	14	0	0	0	1	0	0
TCGA-13-1482	0	0	0	3	1	13	7	6	1	1	1	7	1	0	0	1	1	0	0	0	0	0	0	0	0	0	0	0	0	0	5	11	12	1	6	8	9	2	1	0	1	0	0	0	0	0	0	0
TCGA-13-1483	1	0	0	0	3	11	18	5	0	4	3	5	0	0	1	0	1	0	0	0	0	0	0	0	0	0	0	0	0	1	10	16	8	0	9	4	15	1	0	1	1	1	0	0	0	0	0	0
TCGA-13-1484	0	1	1	0	4	3	1	1	0	3	3	6	5	0	3	3	0	1	0	0	0	0	0	0	0	0	0	0	0	0	3	2	3	0	1	4	6	9	0	1	3	2	1	0	0	0	0	0
TCGA-13-1485	0	0	1	0	0	3	3	0	1	5	3	0	0	0	0	0	0	0	0	0	0	0	0	0	0	0	0	0	0	1	4	6	17	0	5	2	1	4	0	0	0	0	0	0	0	0	0	0
TCGA-13-1487	0	4	0	4	8	7	5	0	0	5	24	8	1	0	24	16	1	1	0	3	2	0	0	0	0	0	0	0	0	4	16	7	4	1	28	35	25	6	1	12	6	0	0	0	0	0	0	0
TCGA-13-1488	0	1	0	0	7	3	5	0	0	3	1	5	1	0	0	1	0	1	0	0	0	0	0	0	0	0	0	0	0	4	10	9	6	0	5	17	21	10	0	3	7	4	0	1	0	0	0	0
TCGA-13-1489	1	5	1	0	3	0	3	0	1	1	19	17	6	1	4	10	3	0	0	0	4	6	0	0	0	0	0	0	0	3	1	1	1	0	10	23	18	6	0	10	13	8	1	0	4	3	0	0
TCGA-13-1491	1	1	0	1	4	7	16	7	0	12	0	2	1	0	0	0	2	1	0	0	0	0	0	0	0	0	0	0	1	4	7	13	9	1	17	7	1	0	0	3	2	0	0	0	0	1	0	0
TCGA-13-1492	1	3	0	3	6	0	7	6	0	0	3	2	0	0	0	0	0	0	0	0	0	0	0	0	0	0	0	0	0	1	8	5	10	1	1	5	4	1	1	0	0	1	0	0	0	0	0	0
TCGA-13-1494	3	4	0	0	6	13	21	6	3	6	4	4	2	0	0	4	1	0	0	0	0	0	0	0	0	0	0	0	0	9	14	17	8	5	14	21	4	1	0	4	1	1	0	0	0	0	0	0
TCGA-13-1495	0	0	0	0	1	0	1	0	0	3	8	13	2	1	14	12	5	0	4	9	4	1	0	0	0	0	0	0	0	0	1	0	0	2	12	83	49	3	4	53	86	9	1	0	8	21	0	0
TCGA-13-1496	0	0	0	0	4	3	0	0	0	7	15	8	1	0	1	5	2	1	0	0	1	0	0	0	0	0	0	0	0	0	7	3	0	0	14	48	19	12	3	15	20	3	1	1	6	7	0	0
TCGA-13-1497	0	0	1	4	12	14	11	1	0	5	25	6	2	3	4	20	13	1	0	1	0	0	0	0	0	0	0	0	1	0	16	10	1	1	13	52	27	3	1	11	18	5	1	0	0	0	0	0
TCGA-13-1498	7	3	1	7	17	17	21	4	1	10	5	4	0	0	0	3	3	0	0	0	0	0	0	0	0	0	0	0	0	3	17	24	7	1	8	16	13	1	0	1	1	1	0	0	0	0	0	0
TCGA-13-1499	0	0	1	0	0	8	4	0	0	1	9	7	3	0	1	1	3	0	0	0	0	0	0	0	3	0	0	0	0	1	3	6	3	0	3	23	26	7	0	1	4	3	0	0	3	3	1	0
TCGA-13-1500	0	0	1	0	0	0	0	0	0	7	6	2	5	0	0	1	1	0	0	0	0	0	0	0	0	0	0	0	0	1	0	0	0	0	6	7	8	12	1	7	7	4	2	0	1	1	1	0
TCGA-13-1501	4	1	0	1	4	27	17	6	0	3	11	4	1	0	3	1	1	0	0	0	1	0	0	0	0	0	0	0	0	1	15	27	7	1	15	23	9	3	1	3	7	2	0	0	0	1	0	0
TCGA-13-1504	0	0	1	0	1	3	0	0	1	1	8	1	1	0	7	10	7	1	1	9	6	1	0	0	4	8	1	0	0	1	3	3	1	0	8	16	15	5	1	13	44	13	5	1	9	13	1	0
TCGA-13-1506	0	0	0	1	4	1	0	1	0	3	14	6	1	0	9	1	2	0	0	1	0	0	0	0	0	0	0	0	1	7	8	3	2	0	16	26	42	9	3	28	20	4	0	0	3	3	0	0
TCGA-13-1507	1	1	0	1	9	1	1	0	0	10	5	6	3	0	5	4	2	0	1	1	1	0	0	0	0	0	0	0	0	6	3	9	1	0	6	28	17	10	0	6	25	4	0	0	5	4	0	0
TCGA-13-1509	1	7	0	5	9	23	17	8	0	12	6	1	1	0	0	1	1	0	0	0	0	0	0	0	0	0	0	0	1	4	18	25	5	3	11	12	6	2	0	0	2	0	0	0	0	0	0	0
TCGA-13-1510	3	3	0	1	6	19	24	5	1	10	11	3	0	0	1	4	3	1	0	0	0	0	0	0	0	0	0	0	0	6	28	32	3	1	26	34	15	2	0	0	1	0	0	0	0	0	0	0
TCGA-13-1511	0	0	0	1	8	37	12	4	0	26	25	2	0	1	6	9	0	0	0	1	1	0	0	0	1	0	0	0	3	25	89	52	1	2	84	96	11	0	0	15	6	0	0	0	3	0	0	0
TCGA-13-1512	0	0	1	1	4	20	20	7	1	8	11	7	1	1	1	3	0	0	0	0	1	1	0	0	0	0	0	0	1	1	19	13	6	1	11	16	8	1	0	3	6	2	0	0	0	0	0	0
TCGA-13-1817	0	1	0	3	1	3	8	7	0	1	0	0	0	0	0	0	0	0	0	0	0	0	0	0	0	0	0	0	0	0	3	2	9	0	0	1	0	2	0	0	0	1	0	0	0	0	0	0
TCGA-13-1819	3	3	0	0	5	12	19	5	0	3	14	4	1	0	1	7	3	0	0	0	1	0	0	0	0	0	0	0	0	1	13	23	5	3	10	18	9	3	0	1	4	1	0	1	0	0	0	0
TCGA-13-2057	0	0	0	0	0	0	0	0	0	0	4	1	0	0	1	10	7	2	1	3	5	8	2	0	3	10	2	0	0	0	0	1	0	0	13	25	17	8	3	14	33	18	3	2	7	13	3	0
TCGA-13-2059	0	0	1	0	4	15	9	1	0	4	28	8	2	1	8	9	9	1	0	3	3	0	0	0	1	0	0	0	0	7	9	7	1	1	9	47	23	4	5	6	43	14	0	1	1	0	0	0
TCGA-13-2060	1	1	1	0	8	5	0	0	1	5	5	7	0	0	3	6	9	2	0	0	0	0	0	0	0	0	0	0	0	4	15	7	2	1	12	43	20	7	1	14	29	7	1	1	8	9	1	0
TCGA-13-2061	1	0	0	1	4	3	3	0	0	7	27	18	2	1	3	10	4	0	1	1	0	1	0	0	0	0	0	0	1	1	1	2	1	1	11	18	15	7	3	14	10	6	1	0	0	0	0	0
TCGA-13-2065	1	0	1	0	3	1	4	1	0	6	6	12	3	0	0	3	5	2	0	1	1	0	1	0	0	0	0	0	0	3	5	0	0	0	4	7	11	7	0	3	10	6	3	0	0	3	0	0
TCGA-13-2066	0	0	0	0	0	0	0	0	1	0	2	1	0	3	1	15	9	0	3	0	6	1	1	1	2	4	0	0	0	7	11	2	1	0	14	42	22	6	3	20	47	20	3	9	16	23	0	0
TCGA-13-2071	0	0	0	0	3	13	16	5	0	4	5	4	3	0	4	6	0	0	0	0	0	0	0	0	0	0	0	0	0	1	18	14	9	0	9	17	14	1	0	0	1	1	0	0	0	0	0	0
TCGA-13-A5FT	0	1	0	1	12	45	28	4	4	46	21	2	1	1	13	5	0	0	0	1	0	0	0	0	0	0	0	0	1	29	128	48	1	11	114	70	7	0	3	23	3	0	0	0	0	0	0	0
TCGA-13-A5FU	0	0	0	0	0	0	3	0	1	1	5	5	1	0	7	4	2	0	0	1	0	0	0	0	0	0	0	0	1	3	10	3	2	0	11	22	18	11	0	14	21	7	1	3	9	10	0	0
TCGA-20-0987	0	1	0	1	5	27	18	4	0	9	21	1	0	1	8	7	0	0	0	1	0	0	0	0	1	0	0	0	0	18	95	49	1	1	72	167	7	2	0	13	24	0	0	0	1	1	0	0
TCGA-20-0990	0	0	0	0	9	5	3	1	0	7	10	7	3	1	1	4	2	0	0	3	4	0	0	0	2	0	0	0	1	10	11	5	2	0	19	32	26	7	0	14	25	5	0	0	7	6	0	0
TCGA-20-0991	0	0	0	0	0	3	1	0	0	1	4	1	1	0	1	1	0	1	0	1	0	0	0	0	2	0	0	0	0	1	3	6	1	0	9	20	16	10	1	13	29	5	2	0	9	16	1	0
TCGA-20-0996	0	0	0	0	0	0	0	0	0	0	4	0	0	0	0	0	0	0	0	0	0	0	0	0	0	0	0	0	0	0	1	4	20	0	1	0	0	0	0	0	0	0	0	0	0	0	0	0
TCGA-20-1682	0	0	3	3	4	13	14	8	0	1	7	6	1	0	3	4	0	0	0	1	0	0	0	0	0	0	0	0	0	1	10	14	6	1	5	12	8	2	0	0	0	1	0	0	0	0	0	0
TCGA-20-1683	1	0	1	1	10	4	6	0	2	11	7	5	3	0	8	4	6	1	0	1	0	0	0	0	0	0	0	0	0	8	15	4	1	1	18	20	15	7	1	5	10	3	3	0	4	1	0	0
TCGA-20-1684	0	0	0	0	0	5	0	0	0	6	31	14	1	3	22	36	0	0	1	0	0	0	0	0	0	0	0	0	0	10	56	23	0	5	79	239	28	0	1	50	74	1	0	0	7	1	0	0
TCGA-20-1685	0	0	1	0	1	3	4	1	0	1	10	7	2	0	0	9	5	0	0	0	7	0	0	0	0	0	0	0	1	1	8	2	0	0	6	36	28	7	0	8	24	10	1	1	1	1	0	0
TCGA-20-1686	1	0	0	0	0	7	6	0	0	3	16	1	2	0	3	8	0	0	0	4	4	0	0	0	5	4	0	0	0	3	10	4	2	1	15	38	21	11	0	12	40	5	1	2	6	8	0	0
TCGA-20-1687	0	1	0	0	1	6	1	0	0	3	10	6	2	0	0	3	4	0	0	0	0	0	1	0	0	0	0	0	0	1	1	3	1	1	3	18	34	9	0	4	14	9	0	0	0	4	2	0
TCGA-23-1021	1	1	0	0	0	1	1	0	0	0	4	10	7	1	3	1	6	2	0	1	0	1	0	0	0	0	1	0	0	0	0	1	0	0	3	10	9	7	1	1	5	6	0	0	0	0	0	0
TCGA-23-1022	1	0	0	1	3	15	7	1	0	0	11	7	1	0	1	9	5	1	0	1	1	1	0	0	0	0	0	0	0	4	15	14	2	1	12	42	31	4	0	8	42	10	0	0	0	0	1	0
TCGA-23-1023	1	0	0	1	0	8	8	4	0	0	0	3	1	0	0	0	0	0	0	0	0	0	0	0	0	0	0	0	0	3	11	14	12	0	11	5	6	1	0	0	0	0	1	0	0	0	0	0
TCGA-23-1024	0	1	0	3	9	3	0	0	0	6	7	1	2	1	0	0	1	0	0	0	0	0	0	0	1	1	0	0	0	3	10	12	1	0	18	32	30	10	3	15	8	7	1	0	5	5	1	0
TCGA-23-1026	0	3	1	0	4	21	16	1	0	6	4	5	2	0	1	0	3	0	0	0	1	0	0	0	0	0	0	0	0	1	15	11	11	1	5	14	8	1	1	0	2	2	0	0	0	0	0	0
TCGA-23-1027	0	0	0	0	10	7	13	6	1	1	3	2	1	0	0	0	0	0	0	0	0	0	0	0	0	0	0	0	1	5	13	21	11	6	16	9	8	2	0	1	0	2	0	0	0	0	0	0
TCGA-23-1028	0	1	0	1	0	9	18	7	2	0	11	5	0	0	1	6	1	0	0	0	1	0	0	0	0	0	0	0	0	1	13	14	9	1	13	8	5	2	1	1	0	0	0	0	0	0	0	0
TCGA-23-1029	0	0	1	0	1	9	7	6	0	1	4	3	0	0	0	0	2	0	0	0	0	0	0	0	0	0	0	0	0	1	4	7	14	1	4	8	5	3	0	0	3	1	0	0	0	0	0	0
TCGA-23-1030	0	0	0	0	3	1	3	0	0	3	7	4	1	0	5	7	1	0	0	3	1	0	0	0	0	0	0	0	0	0	10	7	4	1	35	46	28	9	0	23	22	3	1	0	1	1	0	0
TCGA-23-1031	0	0	0	0	1	3	1	0	0	0	4	8	3	0	0	9	3	2	0	0	2	1	0	1	0	0	0	0	0	1	7	6	2	0	6	22	27	7	0	6	20	14	0	0	1	0	0	0
TCGA-23-1032	0	0	0	0	3	5	1	0	0	0	10	8	1	0	7	8	3	2	1	11	1	0	0	0	0	0	0	0	0	6	6	1	0	1	14	18	29	10	0	29	28	11	2	0	7	1	0	0
TCGA-23-1107	1	3	1	0	6	6	3	1	1	3	6	5	1	0	4	7	4	2	0	3	0	0	0	1	0	0	0	0	1	3	12	9	6	0	7	26	17	5	0	4	9	0	1	0	0	0	0	0
TCGA-23-1109	0	0	0	1	3	1	3	0	1	4	10	5	1	0	4	7	2	1	1	0	0	1	0	0	0	0	0	0	3	6	6	6	2	3	16	27	16	8	0	8	5	1	1	0	4	4	0	0
TCGA-23-1110	0	3	0	0	0	1	4	0	0	0	3	7	2	0	1	13	2	1	0	4	5	3	0	0	0	0	0	0	0	1	0	6	1	0	6	27	22	8	0	7	14	8	1	0	3	0	0	0
TCGA-23-1111	0	0	0	0	0	0	0	0	0	0	10	0	1	0	1	0	2	2	0	1	1	0	0	0	0	2	0	0	0	4	1	0	1	0	6	6	11	8	0	9	16	6	6	0	4	5	0	0
TCGA-23-1113	0	3	0	0	1	6	5	7	0	4	1	0	0	0	0	0	0	0	0	0	0	0	0	0	0	0	0	0	0	0	1	8	14	0	6	5	2	0	0	0	1	0	0	0	0	0	0	0
TCGA-23-1114	0	0	0	1	1	1	1	0	0	0	5	5	0	0	1	10	2	2	0	0	6	1	0	0	0	1	0	0	0	0	1	7	1	0	0	12	21	7	0	0	41	24	5	0	1	7	0	0
TCGA-23-1116	0	0	0	0	1	5	3	0	0	1	1	3	1	0	1	8	1	0	0	0	5	0	0	0	0	1	0	0	0	0	6	3	5	0	4	34	25	9	0	5	36	7	1	1	4	17	1	0
TCGA-23-1117	3	0	0	3	5	1	1	0	0	8	13	7	4	0	7	8	9	1	0	8	5	2	0	0	0	0	0	0	0	1	8	1	0	0	7	35	35	6	1	16	22	6	1	0	5	4	0	0
TCGA-23-1118	0	0	0	0	0	1	0	0	1	1	1	0	0	0	8	23	12	3	1	3	7	3	1	0	1	0	0	0	0	0	0	0	0	1	1	6	7	0	4	17	36	43	6	1	3	6	4	0
TCGA-23-1120	0	1	1	1	13	7	18	5	1	1	3	1	1	0	3	0	0	0	0	0	0	0	0	0	0	0	0	0	0	6	15	15	12	0	14	27	4	2	0	3	7	0	0	0	0	0	0	0
TCGA-23-1121	4	4	3	3	20	40	14	0	1	12	29	5	1	0	6	10	5	0	0	1	3	0	0	0	1	0	0	0	3	11	30	26	2	2	19	67	30	0	0	13	22	4	1	0	0	1	0	0
TCGA-23-1122	0	0	0	0	1	0	0	0	0	0	0	1	0	0	1	11	5	1	0	0	9	0	0	0	0	0	0	0	0	0	0	0	0	0	9	36	18	4	1	10	41	28	7	0	5	6	3	0
TCGA-23-1123	0	0	0	1	5	10	1	1	0	7	10	1	3	1	3	5	3	0	0	1	1	0	0	0	1	0	0	0	0	3	14	15	4	3	26	36	21	6	3	12	23	4	0	0	5	11	0	0
TCGA-23-1124	0	0	0	1	8	10	5	3	1	4	27	6	1	0	3	15	6	1	1	0	8	0	0	0	0	1	0	0	0	5	13	7	1	1	15	55	36	4	3	17	56	12	0	0	1	3	0	0
TCGA-23-1809	0	4	0	0	1	3	1	0	0	0	10	5	2	0	0	9	6	4	1	1	7	0	0	0	0	1	0	0	0	0	0	3	1	0	6	12	10	9	0	7	25	12	1	1	4	6	1	0
TCGA-23-2072	1	1	0	0	1	0	0	0	1	6	12	1	0	1	5	9	9	3	0	7	10	2	0	0	1	1	0	0	0	0	0	0	0	1	4	9	9	4	3	21	25	15	10	0	4	9	0	0
TCGA-23-2078	0	0	1	0	9	20	11	6	1	6	11	6	1	0	4	6	4	0	0	0	0	0	0	0	0	0	0	0	0	3	9	17	10	0	5	7	11	2	0	1	0	0	0	0	0	0	0	0
TCGA-23-2079	0	0	0	0	0	8	9	1	0	0	4	5	3	0	3	6	6	1	0	0	4	2	0	0	0	0	0	0	0	1	8	9	8	1	1	18	11	4	0	0	7	4	0	0	0	1	0	0
TCGA-23-2081	0	0	1	0	8	13	11	5	0	3	4	2	0	0	0	0	2	0	0	0	0	0	0	0	0	0	0	0	0	3	5	12	12	0	4	5	6	3	0	0	1	0	0	0	0	0	0	0
TCGA-23-2084	0	1	0	0	0	1	1	0	1	4	7	6	3	0	0	4	5	0	0	0	0	0	0	0	0	0	0	0	0	0	3	2	1	0	5	16	21	10	0	1	8	8	0	0	0	0	2	0
TCGA-23-2641	1	0	0	6	9	7	16	7	0	0	6	2	1	0	1	0	0	0	0	0	0	0	0	0	0	0	0	0	0	3	15	21	7	0	8	10	7	2	0	1	0	0	0	0	0	0	0	0
TCGA-23-2643	0	0	0	3	10	7	4	0	0	7	4	3	2	1	1	3	0	1	1	0	0	0	0	0	0	0	0	0	0	1	10	9	3	1	15	36	14	8	1	10	17	3	1	1	4	9	0	0
TCGA-23-2645	1	3	0	0	6	8	7	1	1	5	14	8	2	3	0	14	7	1	0	0	0	0	0	0	0	0	0	0	0	3	14	10	1	1	11	24	23	5	1	8	36	11	0	0	0	4	0	0
TCGA-23-2647	1	0	0	0	3	0	0	0	0	1	7	8	1	0	1	11	4	3	0	0	2	2	0	0	0	0	0	0	0	1	3	0	1	0	0	10	23	8	0	4	11	10	1	1	4	0	0	0
TCGA-23-2649	1	3	0	4	8	15	8	0	2	1	14	11	2	0	0	11	3	0	0	3	1	0	0	0	1	0	0	0	0	1	10	10	2	5	3	26	31	6	0	6	18	5	0	0	1	0	0	0
TCGA-24-0966	0	0	0	1	4	9	12	3	0	9	1	1	0	0	1	0	0	0	0	0	0	0	0	0	0	0	0	0	0	5	4	11	16	0	20	6	1	1	0	4	6	0	0	0	0	1	0	0
TCGA-24-0968	0	3	0	1	6	5	0	0	0	1	19	8	2	0	1	9	6	0	0	12	4	0	0	0	0	0	0	0	0	3	0	0	1	1	5	27	38	9	4	32	22	10	1	0	5	3	0	0
TCGA-24-0970	0	3	1	0	8	19	14	7	1	11	10	3	1	0	4	5	0	0	0	0	1	0	0	0	0	0	0	0	0	14	23	27	3	4	32	28	6	2	0	6	0	0	0	0	0	0	0	0
TCGA-24-0975	0	0	0	0	0	4	14	4	0	0	0	4	2	0	0	3	0	0	0	0	0	0	0	0	0	0	0	0	0	0	3	3	13	0	0	5	7	1	0	0	0	0	0	0	0	0	0	0
TCGA-24-0979	0	0	0	0	3	5	7	0	0	0	2	6	1	3	0	0	2	1	0	0	0	0	0	0	0	0	0	0	0	7	22	16	3	1	18	42	30	7	0	1	7	5	1	0	0	3	0	0
TCGA-24-0980	0	0	0	1	3	8	7	4	1	0	1	0	0	0	0	0	0	0	0	0	0	0	0	0	0	0	0	0	0	0	6	6	14	0	3	4	4	1	0	0	7	2	0	0	0	0	0	0
TCGA-24-0982	0	0	0	0	4	6	1	0	0	1	1	5	3	3	1	1	3	1	0	1	0	0	0	0	1	0	0	0	0	3	8	3	5	0	5	15	16	7	0	9	20	5	0	0	1	3	0	0
TCGA-24-1103	0	0	0	0	3	7	19	6	0	6	7	2	0	0	1	4	1	0	0	0	0	0	0	0	0	0	0	0	1	0	14	20	9	3	9	22	8	2	0	0	4	0	0	0	0	0	0	0
TCGA-24-1104	1	0	0	0	0	0	0	0	2	3	5	8	5	0	3	4	5	2	0	0	4	1	0	0	0	0	0	0	0	0	0	0	1	1	1	8	9	10	0	0	9	9	4	0	1	3	2	0
TCGA-24-1105	0	1	1	0	3	4	3	0	0	1	6	1	3	0	1	3	0	1	0	0	0	0	0	0	0	0	0	0	0	4	8	2	1	0	12	36	17	12	0	15	23	1	0	0	5	21	1	0
TCGA-24-1413	1	1	0	0	0	0	0	0	0	0	0	1	0	0	3	3	11	4	0	0	1	2	1	0	0	0	0	0	0	0	0	0	0	3	3	0	0	2	0	6	2	6	14	0	5	4	1	0
TCGA-24-1416	0	0	0	0	1	0	0	0	0	0	1	3	3	0	1	4	5	0	0	1	3	2	0	0	1	1	0	0	0	1	0	0	0	0	0	0	1	3	3	5	5	6	12	1	4	5	2	1
TCGA-24-1417	1	1	0	0	4	4	7	0	0	1	15	4	4	0	3	6	6	0	0	0	0	2	0	0	0	0	0	0	1	1	8	9	1	0	4	30	29	5	0	1	19	8	1	0	0	0	0	0
TCGA-24-1418	0	1	0	0	4	4	1	1	0	8	11	10	2	1	0	6	3	0	1	0	0	0	0	0	0	0	0	0	1	3	5	2	2	1	14	37	13	9	1	9	16	4	1	0	1	1	0	0
TCGA-24-1419	0	0	0	1	3	6	7	5	1	3	0	3	1	0	1	0	0	0	0	0	0	0	0	0	0	0	0	0	1	3	4	6	12	0	3	9	3	3	0	5	0	0	0	0	0	1	0	0
TCGA-24-1422	0	3	0	0	5	6	8	0	1	3	14	9	2	0	5	8	7	1	0	1	1	0	0	1	0	0	0	0	1	1	8	10	2	3	12	33	37	4	0	12	18	6	1	0	3	0	0	0
TCGA-24-1423	0	1	1	0	0	0	0	0	0	0	15	11	3	0	0	4	4	1	1	4	3	0	0	0	0	0	0	0	0	0	1	0	1	5	3	9	18	7	0	7	18	10	3	0	3	0	1	0
TCGA-24-1424	0	0	0	0	0	1	0	0	0	5	7	1	1	0	5	7	5	1	0	0	1	0	0	0	2	2	0	0	0	1	1	2	1	0	13	32	11	9	4	17	43	15	4	2	11	17	0	0
TCGA-24-1425	0	1	0	1	5	6	13	7	0	3	5	3	1	0	1	4	0	0	0	0	0	1	0	0	0	0	0	0	0	1	7	13	12	0	10	16	8	1	0	0	1	0	0	0	0	0	0	0
TCGA-24-1426	1	1	0	3	7	20	10	8	0	3	4	1	0	0	0	1	1	1	0	1	0	0	0	0	0	0	0	0	0	7	15	24	8	4	25	18	4	0	0	0	4	0	0	0	0	0	0	0
TCGA-24-1427	1	1	1	4	4	4	4	1	3	3	7	10	2	0	1	4	4	2	0	0	0	0	0	0	0	0	0	0	0	1	10	6	2	1	6	28	19	6	1	4	20	6	1	0	1	5	1	0
TCGA-24-1428	1	3	0	0	0	3	3	0	2	7	20	16	6	3	4	18	8	2	1	5	3	5	0	0	0	0	0	0	0	1	3	3	1	0	5	17	18	6	4	9	19	8	0	1	0	1	0	0
TCGA-24-1430	0	0	0	0	1	9	10	7	1	1	1	7	1	0	0	0	0	0	0	0	0	0	0	0	0	0	0	0	0	0	4	13	8	0	0	5	10	3	1	0	0	0	0	0	0	0	0	0
TCGA-24-1431	0	0	0	1	5	11	4	1	0	8	10	2	1	0	7	5	1	0	0	0	5	0	0	0	1	0	0	0	0	3	11	11	2	1	26	24	26	8	4	14	3	1	0	0	0	1	0	0
TCGA-24-1434	0	0	0	0	1	6	4	0	0	6	3	4	2	0	9	0	2	0	0	0	0	0	0	0	0	0	0	0	1	8	8	10	4	0	11	38	19	6	0	1	4	1	1	0	0	0	0	0
TCGA-24-1435	6	0	0	1	3	3	0	0	0	7	14	15	2	0	3	11	3	0	1	0	1	0	0	0	0	0	0	0	1	1	0	1	0	1	5	22	22	10	3	5	24	15	0	1	0	5	2	0
TCGA-24-1436	0	5	0	3	11	4	7	1	0	4	4	3	4	0	4	1	0	0	0	0	0	0	0	0	1	0	0	0	0	1	4	8	4	0	8	20	13	7	1	7	3	5	0	0	1	3	0	0
TCGA-24-1463	3	1	0	0	3	13	12	8	0	0	1	3	1	0	0	0	0	0	0	0	0	0	0	0	0	0	0	0	1	3	6	8	9	0	4	2	5	1	0	0	0	0	0	0	0	0	0	0
TCGA-24-1464	1	4	0	0	8	7	10	5	0	4	1	1	1	0	0	1	1	0	1	0	0	0	0	0	0	0	0	0	3	1	5	6	11	0	5	7	2	3	0	4	9	0	0	0	0	1	1	0
TCGA-24-1466	0	0	0	1	3	6	7	0	1	4	40	15	1	0	17	30	0	0	1	7	10	0	0	1	0	0	0	0	1	0	9	8	0	5	27	165	46	1	1	50	130	2	0	0	5	6	0	0
TCGA-24-1467	0	0	0	0	1	0	0	0	0	3	5	5	3	0	3	4	1	0	0	3	0	1	0	0	1	0	0	0	0	1	0	0	0	0	1	14	19	10	0	15	14	7	4	1	6	3	1	0
TCGA-24-1469	1	9	0	3	12	3	1	0	1	10	15	10	3	1	10	11	7	3	0	5	1	2	0	0	0	0	0	0	0	7	7	3	1	1	12	38	26	6	1	12	14	7	0	0	1	0	0	0
TCGA-24-1470	0	0	1	1	1	13	17	4	1	1	14	3	2	0	4	3	4	0	0	0	0	0	0	0	0	0	0	0	0	1	14	23	6	4	15	15	12	0	0	3	0	1	0	0	0	0	0	0
TCGA-24-1471	0	0	0	0	0	0	0	1	0	0	1	0	3	0	0	0	0	0	0	0	0	0	0	0	0	0	0	0	0	3	5	7	4	0	8	11	5	7	0	5	2	1	1	0	0	0	0	0
TCGA-24-1474	0	1	0	1	6	5	3	0	0	5	6	2	1	0	12	16	3	2	0	4	7	0	0	0	1	1	0	0	0	9	7	1	2	1	14	43	22	8	0	15	20	12	3	2	12	14	0	0
TCGA-24-1544	0	0	0	0	3	3	3	0	0	4	5	4	2	0	1	3	2	1	0	0	0	1	0	0	0	0	0	0	0	6	7	1	5	1	20	18	18	6	0	19	13	2	0	1	12	8	0	0
TCGA-24-1545	0	0	0	0	1	1	1	1	0	3	4	2	5	0	1	1	2	0	0	1	0	0	0	0	0	0	0	0	0	1	0	2	1	0	1	7	8	9	0	1	5	2	1	0	1	1	0	0
TCGA-24-1546	0	0	1	0	0	1	0	0	0	0	25	16	3	1	7	9	9	2	0	3	4	1	0	0	0	0	0	0	0	0	0	0	0	0	4	19	23	7	1	14	25	10	1	0	0	3	0	0
TCGA-24-1548	4	4	1	0	0	0	1	1	0	3	6	8	7	0	4	5	0	1	0	0	0	0	0	0	0	0	0	0	0	0	0	0	0	3	1	5	5	9	1	9	12	2	1	0	1	0	0	0
TCGA-24-1549	0	6	0	5	5	1	0	0	1	9	11	8	2	1	4	5	2	1	0	10	0	1	0	0	0	0	0	0	4	7	1	0	1	4	9	46	32	11	3	41	9	4	1	2	7	7	1	0
TCGA-24-1550	0	9	0	1	5	31	20	7	1	8	10	5	1	0	7	3	2	0	0	0	0	0	0	0	0	0	0	0	0	4	34	26	4	1	27	27	7	1	1	3	1	0	0	0	0	0	0	0
TCGA-24-1551	1	3	0	1	16	26	19	4	1	16	37	1	0	6	13	4	0	0	0	1	1	0	0	0	0	0	0	0	0	27	131	49	1	6	92	170	6	0	0	8	18	0	0	0	0	0	0	0
TCGA-24-1552	0	0	0	0	3	6	4	0	0	3	1	3	2	0	0	3	1	1	0	0	0	0	0	0	0	0	0	0	1	4	17	10	5	5	22	29	17	6	1	7	13	0	1	0	6	5	0	0
TCGA-24-1553	0	0	1	0	4	17	8	3	0	9	30	9	4	1	28	23	6	0	0	7	5	0	0	0	0	0	0	0	0	1	15	12	3	0	26	24	19	4	0	7	11	0	0	0	1	0	0	0
TCGA-24-1555	0	1	0	0	0	0	0	0	2	1	6	7	2	0	0	3	0	0	0	0	0	0	0	0	0	0	0	0	4	3	0	0	1	0	7	7	10	12	0	3	6	11	1	0	0	0	0	1
TCGA-24-1556	0	0	1	1	1	3	1	0	0	0	7	6	2	0	1	9	10	0	0	0	1	1	0	0	0	0	0	0	0	1	11	5	1	0	9	46	33	6	0	3	32	10	1	0	0	0	0	0
TCGA-24-1557	0	0	0	0	4	10	1	0	0	3	23	9	2	3	7	10	7	0	0	1	2	1	0	0	0	0	0	0	0	1	8	7	2	1	13	49	36	5	1	8	32	7	0	0	1	0	1	0
TCGA-24-1558	0	0	0	1	5	7	5	0	1	4	10	2	1	0	7	5	2	2	0	1	1	0	0	1	0	0	0	0	0	4	11	10	2	0	17	33	12	10	4	12	11	5	0	1	12	7	0	0
TCGA-24-1560	0	0	0	0	0	5	1	0	0	0	1	0	1	0	1	0	0	0	0	0	0	0	0	0	0	0	0	0	0	1	0	2	5	0	3	7	5	11	0	3	4	0	0	0	0	0	0	0
TCGA-24-1562	0	0	0	0	1	0	0	0	1	3	0	0	0	0	12	8	4	5	0	3	1	1	0	0	0	0	0	0	0	0	0	0	0	0	1	1	0	2	1	14	8	8	14	3	5	3	3	0
TCGA-24-1563	3	0	0	0	9	9	8	5	0	0	4	3	0	0	1	0	0	0	0	0	0	0	0	0	0	0	0	0	0	3	10	21	8	0	6	13	14	2	0	4	1	0	1	0	0	0	0	0
TCGA-24-1564	0	1	3	1	5	9	3	1	0	4	6	2	3	0	5	4	0	1	0	5	2	0	0	0	0	0	0	0	0	0	0	4	5	0	4	4	11	7	0	0	10	1	3	0	1	3	0	0
TCGA-24-1565	0	0	0	0	0	1	7	2	0	0	0	0	1	0	0	0	0	0	0	0	0	0	0	0	0	0	0	0	0	0	1	4	16	0	1	0	1	2	0	0	0	0	0	0	0	0	0	0
TCGA-24-1567	1	1	0	0	1	19	19	6	1	4	9	6	0	0	0	6	2	0	0	0	0	0	0	0	0	0	0	0	0	0	16	12	10	3	6	10	7	1	0	1	0	0	0	0	0	0	0	0
TCGA-24-1603	1	1	0	1	0	0	0	0	1	1	0	1	0	0	0	9	4	6	1	3	2	0	0	0	0	0	1	0	0	0	0	0	0	1	4	1	0	2	1	5	14	6	12	0	4	3	1	1
TCGA-24-1604	0	0	0	1	1	6	4	0	1	0	10	4	2	0	0	10	3	1	0	3	0	0	0	0	0	0	0	0	0	0	5	2	2	1	3	32	32	5	0	8	23	10	1	0	1	5	2	0
TCGA-24-1614	0	3	0	0	0	6	1	0	1	1	13	16	5	1	4	9	4	0	1	0	1	2	0	0	0	1	0	0	0	1	0	0	0	1	1	9	21	7	3	8	17	9	0	1	0	3	0	0
TCGA-24-1616	0	0	0	0	1	3	0	1	0	4	4	1	3	0	3	1	0	0	1	1	1	0	0	0	0	0	0	0	0	3	7	0	1	0	13	43	25	10	0	9	19	6	1	2	6	9	2	0
TCGA-24-1842	0	0	0	0	1	5	4	0	0	7	19	8	1	1	10	18	4	1	1	4	15	0	0	0	0	1	0	0	0	0	15	7	0	0	21	122	43	2	0	27	107	6	0	1	7	19	0	0
TCGA-24-1843	0	0	0	1	11	6	0	0	0	7	6	5	2	0	9	1	2	0	3	0	0	0	0	0	0	2	0	0	0	8	13	8	3	0	18	26	27	9	1	21	6	2	0	0	6	1	0	0
TCGA-24-1844	0	0	0	0	3	1	4	0	0	3	4	1	1	0	1	5	4	0	0	0	1	0	0	0	0	0	0	0	0	1	4	3	3	0	6	28	27	10	0	5	16	12	1	1	4	3	0	0
TCGA-24-1845	0	0	1	1	4	4	4	0	0	3	5	10	2	0	0	8	7	1	0	0	4	5	0	0	0	1	0	0	0	1	7	6	1	0	7	23	28	6	1	0	25	13	1	1	1	1	0	0
TCGA-24-1846	0	3	0	0	0	11	13	8	0	1	8	4	1	0	0	0	1	0	0	0	0	0	0	0	0	0	0	0	0	0	3	12	8	1	3	3	6	2	0	0	2	0	0	0	0	0	0	0
TCGA-24-1847	0	0	0	0	0	4	3	0	0	3	4	4	4	0	1	6	4	1	0	1	0	0	0	0	0	0	0	0	0	1	7	7	2	0	5	24	23	9	0	9	7	10	1	1	0	0	0	0
TCGA-24-1849	0	0	0	0	0	7	10	6	0	0	1	2	2	0	0	1	0	0	0	0	0	0	0	0	0	0	0	0	0	0	0	8	13	0	1	3	9	0	0	1	0	0	0	0	0	0	0	0
TCGA-24-1850	0	0	3	0	8	17	8	0	1	9	19	6	3	1	9	11	5	0	1	14	1	0	0	0	8	4	0	0	0	11	16	10	1	1	11	39	13	6	4	12	21	5	1	2	8	4	0	0
TCGA-24-1852	0	0	0	0	0	1	0	0	0	1	5	2	1	3	8	16	7	1	0	3	16	1	0	1	2	3	0	0	0	1	4	4	1	1	14	32	17	8	4	18	40	6	5	4	7	21	0	0
TCGA-24-1920	0	1	1	0	4	18	8	0	1	9	50	5	0	0	16	37	3	0	1	5	5	0	0	0	0	0	0	0	0	4	34	6	0	1	49	255	25	0	4	43	151	3	0	3	8	13	0	0
TCGA-24-1923	0	0	0	0	0	0	0	0	0	1	3	4	3	0	3	1	1	1	0	0	0	0	0	0	0	0	0	0	0	0	4	0	1	0	0	4	16	12	0	8	20	6	0	0	1	1	0	0
TCGA-24-1924	0	1	0	0	4	8	1	0	0	3	5	7	1	1	3	4	6	2	0	0	3	0	0	0	0	0	0	0	0	4	19	10	2	0	6	52	32	4	0	5	18	19	0	0	1	0	0	0
TCGA-24-1927	3	5	0	3	7	16	15	6	3	4	4	4	0	1	1	0	2	0	0	0	0	0	0	0	0	0	0	0	1	3	13	18	9	0	18	21	11	1	0	3	0	0	0	0	1	0	0	0
TCGA-24-1928	0	0	0	0	4	6	1	1	0	1	1	1	1	0	0	1	1	1	0	0	5	0	0	0	1	1	0	0	1	7	1	5	1	0	8	19	8	12	3	4	8	4	1	0	4	13	0	0
TCGA-24-1930	3	1	0	4	7	6	1	0	1	0	6	7	4	0	1	1	1	1	0	0	0	0	0	0	0	0	0	0	0	5	5	6	2	0	5	11	13	10	0	1	1	0	1	0	0	0	0	0
TCGA-24-2019	1	1	0	0	5	13	3	0	0	4	9	4	3	0	9	6	0	1	0	3	1	0	0	0	0	0	0	0	0	4	14	5	2	0	12	16	13	12	3	11	17	4	1	0	5	7	0	0
TCGA-24-2020	0	1	0	1	0	0	0	0	0	4	6	5	0	0	8	18	9	4	0	11	12	10	3	0	3	1	0	0	0	0	1	2	0	0	5	10	13	4	1	17	39	19	2	1	6	11	8	0
TCGA-24-2023	0	1	0	1	0	0	0	0	1	9	46	17	3	4	44	24	1	0	1	11	5	0	0	0	3	0	0	0	0	0	4	5	0	2	16	116	38	3	3	89	79	3	0	0	12	12	0	0
TCGA-24-2024	1	1	1	4	3	7	13	6	0	1	3	4	0	0	1	0	1	0	0	0	0	0	0	0	0	0	0	0	0	0	6	13	13	0	3	4	4	1	0	0	0	0	0	0	0	0	0	0
TCGA-24-2026	1	1	0	1	3	0	0	0	0	1	0	1	0	0	12	11	8	1	1	19	7	3	0	0	3	0	0	0	0	1	1	2	1	1	12	29	17	3	1	57	68	32	3	0	24	11	2	0
TCGA-24-2027	3	5	1	1	3	9	17	7	0	6	7	3	1	0	0	4	1	0	0	0	0	0	0	0	1	0	0	0	0	3	8	16	7	0	12	8	9	0	0	0	2	2	0	0	0	0	0	0
TCGA-24-2029	0	1	0	0	4	9	9	5	1	0	3	1	1	0	1	0	1	0	0	0	0	0	0	0	0	0	0	0	0	1	5	13	15	0	8	10	1	2	0	0	0	0	0	0	0	0	0	0
TCGA-24-2030	0	0	1	0	1	12	6	0	0	5	16	6	3	0	4	10	2	1	0	0	4	0	0	0	1	0	0	0	0	5	15	9	1	2	18	67	37	4	1	17	43	2	0	3	12	15	1	0
TCGA-24-2033	0	0	0	0	1	1	0	0	0	0	4	5	1	0	5	4	3	2	0	0	1	0	0	0	0	0	0	0	0	3	5	6	0	0	12	29	43	9	3	19	11	5	0	0	0	3	0	0
TCGA-24-2035	0	0	0	0	3	8	15	5	0	3	5	2	1	0	0	1	0	0	0	0	0	0	0	0	0	0	0	0	0	1	8	12	14	1	3	5	12	1	0	1	0	2	0	0	0	0	0	0
TCGA-24-2036	0	0	1	0	3	19	11	3	1	10	9	2	1	0	0	3	0	0	0	0	0	0	0	0	0	0	0	0	0	8	13	21	13	1	8	9	6	0	0	0	2	1	0	0	0	0	0	0
TCGA-24-2038	0	0	0	0	1	0	0	0	0	0	1	0	0	0	0	0	0	0	0	0	0	0	0	0	0	0	0	0	0	1	0	2	18	0	0	0	1	4	0	0	0	0	0	0	0	0	0	0
TCGA-24-2254	0	1	0	0	1	4	15	8	1	1	5	5	1	0	1	1	0	0	0	0	0	0	0	0	0	0	0	0	0	1	10	12	7	0	1	11	6	2	0	0	3	0	0	0	0	0	0	0
TCGA-24-2260	0	0	3	0	5	7	3	0	1	3	24	8	3	0	5	26	5	1	1	1	6	0	0	0	1	2	0	0	0	1	10	4	1	1	11	42	11	6	0	10	58	10	1	1	10	6	0	0
TCGA-24-2261	0	1	0	0	0	6	5	1	0	1	14	8	5	0	3	15	0	1	0	1	7	0	0	0	0	0	0	0	0	0	1	2	0	0	4	14	16	10	0	0	3	3	0	0	3	4	0	0
TCGA-24-2262	1	0	0	0	3	19	13	4	0	10	12	2	1	3	13	3	1	0	0	0	1	0	0	0	0	0	0	0	0	3	25	29	6	1	33	24	10	1	0	7	6	0	0	0	0	1	0	0
TCGA-24-2267	0	0	0	0	7	4	5	0	0	1	10	7	2	0	0	5	5	0	1	0	0	0	0	0	0	0	0	0	0	1	10	13	3	0	6	30	43	3	0	0	6	7	1	0	0	1	0	0
TCGA-24-2271	0	4	0	0	0	6	5	5	1	1	1	3	3	1	3	0	0	0	0	0	0	0	0	0	0	0	0	0	0	5	7	7	11	0	11	3	4	2	0	1	0	0	0	0	0	0	0	0
TCGA-24-2280	0	1	0	0	1	5	0	0	0	1	7	4	0	0	10	13	2	2	0	4	5	4	0	0	0	0	0	0	0	5	15	10	1	0	16	46	37	6	0	26	28	9	2	0	0	0	0	0
TCGA-24-2281	0	1	1	0	1	5	0	0	0	8	8	2	1	0	4	7	2	1	0	1	2	1	0	1	0	0	0	0	0	4	3	3	0	0	9	59	21	12	4	18	34	2	1	2	16	11	0	0
TCGA-24-2288	0	3	1	0	0	0	0	0	2	3	5	1	0	0	12	23	20	3	0	15	8	6	0	1	1	1	0	0	0	1	0	1	1	1	6	9	14	4	0	21	39	20	4	3	11	6	0	0
TCGA-24-2289	0	5	0	0	6	25	16	1	1	7	25	19	1	1	6	42	8	0	0	6	5	1	0	0	1	1	0	0	0	6	32	10	3	0	20	58	20	1	0	7	19	4	0	0	1	3	0	0
TCGA-24-2290	0	4	0	3	0	1	0	0	1	3	10	12	4	0	4	7	9	1	0	1	1	1	1	0	0	0	0	0	1	1	1	0	1	0	5	9	20	9	1	5	12	10	1	0	0	0	0	0
TCGA-24-2293	0	3	0	0	3	7	3	0	0	6	7	5	7	0	3	8	4	0	1	4	3	0	0	0	0	1	0	0	0	1	6	4	0	0	5	17	19	9	0	9	10	3	0	0	0	1	0	0
TCGA-24-2295	0	0	0	0	0	3	0	0	1	8	5	1	0	0	3	4	3	2	0	4	3	0	0	0	5	1	0	0	0	1	1	5	1	0	5	20	14	7	0	6	36	15	5	0	12	15	3	0
TCGA-24-2298	1	3	0	0	5	19	8	0	0	4	31	14	2	0	9	34	8	2	0	3	2	0	0	0	1	0	0	0	3	3	13	8	1	0	15	48	22	4	3	5	19	3	0	0	0	0	0	0
TCGA-25-1312	0	0	0	0	6	1	0	0	1	4	7	2	5	1	7	7	3	0	0	1	0	0	1	0	1	3	0	0	0	4	3	3	2	0	9	34	19	6	1	16	22	4	2	1	4	5	0	0
TCGA-25-1313	0	0	1	0	4	7	5	0	0	4	15	11	2	1	3	11	7	0	0	1	4	1	0	0	0	0	0	0	0	1	11	6	2	0	4	37	33	4	0	8	20	12	1	0	0	1	0	0
TCGA-25-1314	0	0	0	3	3	11	1	1	0	0	6	5	2	1	0	4	2	3	1	1	1	0	0	0	0	0	0	0	1	4	13	10	2	1	10	42	27	6	1	12	21	5	0	0	0	3	1	0
TCGA-25-1315	0	0	0	0	1	17	13	4	2	6	7	1	1	0	1	0	1	0	0	0	0	0	0	0	0	0	0	0	1	1	14	22	14	6	15	19	9	1	3	1	1	0	0	0	0	0	0	0
TCGA-25-1316	0	0	0	0	0	0	0	0	0	0	0	0	1	0	0	0	0	0	0	0	0	0	0	0	0	0	0	0	0	0	0	3	7	0	1	0	0	8	0	0	0	0	1	0	0	0	0	0
TCGA-25-1317	0	1	0	0	3	3	0	0	0	1	1	2	2	0	0	3	1	3	0	0	1	0	0	0	0	0	0	0	0	6	1	0	4	0	5	3	10	7	0	3	4	1	2	0	0	0	0	0
TCGA-25-1318	1	0	0	1	6	11	10	6	0	6	4	4	3	0	0	0	1	0	0	1	0	0	0	0	0	0	0	0	0	1	14	9	4	0	3	6	10	4	3	1	6	1	0	0	0	0	1	0
TCGA-25-1319	0	0	1	0	7	4	0	0	1	4	6	2	0	0	5	4	1	1	3	1	1	0	0	1	1	0	0	0	0	4	8	3	2	0	12	29	7	14	3	7	20	2	0	3	6	15	0	0
TCGA-25-1321	0	0	0	1	0	3	4	3	0	3	9	10	4	0	1	4	3	2	0	0	0	0	0	0	0	0	0	0	0	0	7	1	2	0	8	16	12	6	1	3	13	1	0	0	0	0	0	0
TCGA-25-1322	0	0	1	1	3	18	24	7	0	16	22	0	0	1	1	0	0	0	0	0	0	0	0	0	0	0	0	0	0	12	59	38	4	2	40	100	6	0	0	1	6	0	0	0	0	0	0	0
TCGA-25-1329	0	0	0	0	0	1	1	0	0	1	3	2	1	0	1	3	1	1	0	0	0	0	0	0	0	0	0	0	0	0	0	0	3	0	6	21	5	9	0	5	11	8	1	0	0	3	1	1
TCGA-25-1623	0	1	0	0	0	0	0	0	0	0	1	1	0	0	0	3	3	4	4	1	2	4	1	1	1	4	0	0	0	0	0	3	3	0	1	1	5	4	0	0	7	10	5	0	5	14	2	0
TCGA-25-1625	0	4	1	1	5	9	9	5	0	1	10	2	1	0	0	0	0	0	0	0	0	0	0	0	0	0	0	0	0	1	10	6	11	0	7	16	8	3	0	1	2	1	0	0	0	0	0	0
TCGA-25-1626	0	0	0	0	3	0	4	0	0	0	1	1	5	0	1	1	3	4	0	0	2	1	0	0	0	0	0	0	0	0	3	5	3	0	0	8	10	3	0	0	4	0	0	0	0	0	0	0
TCGA-25-1627	0	1	1	0	6	8	16	3	1	4	14	6	4	3	10	4	1	0	0	0	7	0	0	0	1	1	0	0	0	3	22	8	2	3	14	37	11	6	1	6	7	2	0	0	0	0	0	0
TCGA-25-1628	0	1	0	0	4	6	3	0	0	1	1	3	3	0	0	0	0	0	0	0	0	0	0	0	0	0	0	0	0	4	8	1	7	0	5	12	14	4	0	1	0	1	0	0	0	0	0	0
TCGA-25-1630	1	0	0	1	1	1	3	0	0	4	12	10	2	0	7	16	3	2	0	4	8	0	0	0	0	1	0	0	0	0	0	0	0	0	4	13	22	9	0	13	23	12	0	0	4	4	0	0
TCGA-25-1631	0	0	0	1	0	0	0	0	0	4	1	3	3	0	0	3	2	1	0	0	0	0	0	0	0	0	0	0	0	0	0	0	0	1	4	8	10	10	0	7	7	3	4	0	0	4	1	0
TCGA-25-1632	0	0	0	0	0	3	1	0	0	1	1	8	1	0	3	4	2	0	1	1	0	0	0	0	0	0	0	0	1	1	3	1	1	0	5	21	18	10	3	12	35	5	1	0	6	3	0	0
TCGA-25-1633	1	0	1	0	0	6	5	0	0	7	4	4	4	0	3	1	2	1	0	0	1	0	0	0	0	0	0	0	1	3	4	6	2	1	7	19	9	8	1	3	11	2	0	0	0	4	0	0
TCGA-25-1634	0	0	0	0	0	3	0	0	0	0	2	0	1	3	1	4	5	2	0	1	2	0	0	0	0	0	0	0	0	0	0	1	1	0	5	19	19	5	1	7	53	22	3	1	9	11	0	0
TCGA-25-1635	0	0	0	0	0	4	3	1	0	0	3	2	4	0	0	0	0	1	0	0	0	0	0	0	0	0	0	0	0	1	6	3	4	1	7	26	3	9	0	5	6	2	1	0	4	8	0	0
TCGA-25-1870	0	0	0	0	1	0	0	0	0	1	0	0	0	0	4	4	3	2	0	1	0	0	0	1	2	0	0	0	0	0	0	0	1	3	5	6	6	4	3	19	32	5	12	5	23	19	0	0
TCGA-25-1871	0	0	0	0	1	3	0	0	1	3	3	1	1	4	6	33	12	1	0	9	9	4	0	0	1	1	0	0	3	1	4	0	1	1	6	14	17	3	3	7	69	29	5	0	1	20	1	0
TCGA-25-1878	1	1	0	0	1	4	1	0	0	0	6	5	2	0	1	6	5	2	0	0	1	0	0	0	0	0	0	0	0	0	3	2	1	0	3	13	21	7	1	5	7	9	1	0	0	4	1	1
TCGA-25-2042	0	0	0	0	0	0	0	0	0	1	11	10	3	0	3	9	1	2	0	1	3	0	0	0	0	0	0	0	0	0	0	0	1	0	0	9	18	7	0	5	18	8	1	0	0	1	1	0
TCGA-25-2391	1	3	0	6	3	8	11	5	2	0	1	3	1	0	0	1	2	0	0	0	0	0	0	0	0	0	0	0	0	1	6	9	12	0	3	5	2	2	0	0	0	0	0	0	0	0	0	0
TCGA-25-2392	0	0	3	0	0	10	1	0	0	1	5	5	0	1	0	5	3	1	1	3	3	3	2	0	1	0	1	0	1	0	0	1	1	0	4	29	19	5	1	24	47	18	2	1	10	10	2	1
TCGA-25-2393	0	1	0	1	8	8	5	0	0	12	7	5	1	1	4	9	2	0	0	3	2	0	0	0	0	1	0	0	0	11	24	11	2	1	22	69	26	7	0	13	16	1	1	1	16	11	0	0
TCGA-25-2396	0	0	0	1	1	4	1	0	0	3	13	4	3	0	4	1	2	2	0	0	1	0	0	0	0	0	0	0	0	0	4	3	1	1	10	23	11	9	1	8	7	2	1	0	0	4	0	0
TCGA-25-2397	1	0	1	0	5	20	12	7	3	4	5	10	1	0	9	4	3	0	0	1	0	0	0	0	1	0	0	0	0	12	25	22	4	4	28	17	10	1	0	0	1	2	0	0	0	0	0	0
TCGA-25-2398	0	0	0	0	1	0	0	0	1	1	4	1	0	0	1	6	2	2	0	1	3	0	0	0	1	0	0	0	0	7	11	1	2	0	13	29	18	6	1	13	46	9	5	1	7	11	2	0
TCGA-25-2399	1	3	0	0	5	0	1	0	0	12	14	8	1	1	0	1	4	0	0	1	0	0	0	0	0	0	0	0	0	0	0	0	1	0	6	9	10	13	0	3	4	2	1	0	3	7	0	0
TCGA-25-2400	0	0	0	0	1	1	0	0	0	0	12	2	1	0	5	11	4	3	1	1	4	0	1	0	0	1	0	0	0	0	7	5	1	1	17	47	17	8	1	24	64	8	2	0	14	14	0	0
TCGA-25-2401	1	3	3	1	9	12	15	5	0	4	5	2	0	0	1	0	0	0	0	0	0	0	0	0	0	0	0	0	0	1	5	14	11	0	6	9	16	2	0	1	0	1	0	0	0	0	0	0
TCGA-25-2404	0	0	0	0	0	0	4	0	0	0	5	7	2	0	0	6	3	1	0	0	1	0	0	0	0	0	0	0	0	0	0	4	1	0	3	11	10	12	0	1	3	3	1	0	3	3	0	0
TCGA-25-2408	0	0	0	0	0	0	0	0	0	0	0	1	2	0	0	0	0	0	0	0	0	0	0	0	0	0	0	0	0	0	0	0	0	0	0	0	4	12	0	0	0	0	3	0	0	0	0	0
TCGA-25-2409	5	0	1	3	0	0	0	0	1	3	4	8	2	0	3	1	3	1	0	0	0	0	0	0	0	0	0	0	0	0	1	0	0	0	1	5	9	11	1	8	2	6	4	0	3	3	0	0
TCGA-29-1688	1	0	0	0	3	1	1	0	0	1	4	8	5	0	0	0	2	0	0	0	0	2	0	0	0	0	0	0	0	0	0	0	0	1	5	18	21	11	0	10	12	6	2	1	0	4	0	0
TCGA-29-1691	3	1	3	4	6	7	5	0	0	3	15	11	1	1	3	15	12	2	0	0	4	2	0	0	0	1	0	0	0	3	17	11	1	1	9	63	37	2	3	7	26	7	1	0	1	0	1	0
TCGA-29-1692	0	0	0	0	4	10	3	4	0	1	14	3	5	0	0	9	7	2	0	1	1	0	0	0	0	0	0	0	0	0	6	4	0	0	3	16	20	6	1	4	8	9	1	0	0	0	0	0
TCGA-29-1693	1	0	0	0	1	0	0	0	0	3	13	13	4	1	8	7	1	0	0	3	1	2	0	0	0	0	0	0	0	0	0	0	1	0	4	17	19	9	1	18	8	8	0	0	3	1	2	0
TCGA-29-1694	0	0	0	0	0	1	0	0	0	1	7	8	4	0	1	4	1	0	0	3	0	0	1	0	0	0	0	0	0	0	0	1	1	0	4	9	19	10	3	13	17	8	1	0	1	1	1	0
TCGA-29-1695	1	5	0	1	10	7	3	0	2	3	1	3	2	0	4	0	1	1	0	3	2	0	0	0	0	0	0	0	1	7	9	5	3	1	10	30	20	7	5	12	38	10	2	0	5	7	0	0
TCGA-29-1696	0	0	1	1	1	8	11	5	0	1	8	1	1	0	0	0	0	0	0	0	0	0	0	0	0	0	0	0	0	1	9	12	14	0	3	11	5	3	0	0	1	0	0	0	0	0	0	0
TCGA-29-1697	1	5	0	0	0	0	0	0	1	0	1	0	0	1	1	5	12	5	6	1	4	5	4	3	2	0	0	0	0	0	0	0	0	1	1	1	1	2	0	6	4	10	11	3	10	0	1	1
TCGA-29-1699	0	0	0	0	6	6	0	0	2	1	1	2	0	0	4	8	4	2	0	1	4	0	0	0	0	1	0	0	0	1	11	8	2	0	11	34	14	10	0	8	13	3	1	0	1	1	0	0
TCGA-29-1701	0	0	0	1	5	1	0	0	0	5	5	3	2	0	3	6	3	2	0	3	2	0	0	0	1	1	0	0	0	4	18	7	1	1	24	41	19	8	1	17	20	4	1	2	7	20	1	0
TCGA-29-1702	0	5	1	0	6	18	1	0	0	18	19	3	1	0	6	14	2	1	1	7	8	0	0	0	1	9	0	0	1	17	33	6	1	0	40	52	19	4	4	35	40	3	2	0	12	10	0	0
TCGA-29-1703	0	0	0	3	6	7	6	0	0	3	4	5	1	0	0	0	0	0	0	0	1	0	0	0	0	1	0	0	1	10	12	7	4	0	16	37	8	7	1	12	12	2	1	0	3	12	0	0
TCGA-29-1704	1	0	0	1	5	13	19	4	0	7	6	2	0	0	4	4	2	0	0	0	0	0	0	0	0	0	0	0	0	6	25	32	6	1	31	19	11	1	0	6	1	0	1	0	0	0	0	0
TCGA-29-1705	1	1	1	1	7	20	13	6	0	1	4	2	1	0	1	5	1	0	0	0	0	0	0	0	0	0	0	0	0	6	21	15	7	0	15	13	9	1	0	3	2	1	0	0	0	0	0	0
TCGA-29-1707	0	1	1	1	5	13	8	7	1	4	9	1	0	0	0	1	0	1	0	0	1	1	0	0	0	0	0	0	0	1	10	12	10	1	8	13	10	1	0	6	0	1	0	0	0	0	0	0
TCGA-29-1710	1	0	0	0	5	6	0	0	0	6	4	2	1	1	1	9	9	4	0	5	11	1	0	0	2	2	0	0	0	1	1	4	4	0	3	5	3	7	0	1	4	1	1	0	1	0	0	0
TCGA-29-1711	0	4	1	1	13	31	19	5	1	18	8	3	0	1	1	8	1	0	0	4	1	0	0	0	0	0	0	0	0	4	23	26	7	4	12	31	12	2	0	4	1	0	0	0	0	0	0	0
TCGA-29-1761	0	0	0	0	4	20	6	0	0	4	19	5	2	3	5	17	4	1	1	3	4	0	0	0	0	1	0	0	1	1	20	19	2	3	20	54	11	6	0	7	17	3	0	0	6	9	0	0
TCGA-29-1762	0	0	0	0	0	0	0	0	0	0	0	0	0	0	3	6	10	6	1	4	2	5	0	0	0	0	0	0	0	0	0	0	0	3	0	0	0	0	1	4	9	11	11	1	4	4	3	0
TCGA-29-1763	0	0	0	0	0	4	0	0	0	4	9	10	8	0	3	5	4	0	0	0	1	0	1	0	0	0	0	0	0	0	0	0	2	0	4	16	21	5	3	4	7	7	1	0	0	0	0	0
TCGA-29-1764	0	0	1	0	0	4	0	1	0	0	4	6	3	0	0	3	5	2	0	0	0	3	0	0	0	0	0	0	0	0	1	1	1	0	1	4	23	6	0	3	6	9	2	0	0	3	0	0
TCGA-29-1766	0	0	0	4	0	0	0	0	0	6	3	2	0	0	0	5	5	5	1	1	5	6	1	0	0	0	0	0	0	0	4	3	0	0	4	7	10	8	0	7	21	9	3	0	4	3	1	0
TCGA-29-1768	0	1	0	0	4	11	11	6	0	1	0	0	1	0	1	1	0	0	0	0	0	0	0	0	0	0	0	0	0	0	12	12	10	1	1	7	11	1	0	0	1	0	0	0	0	0	0	0
TCGA-29-1769	1	1	0	0	3	0	1	0	4	7	14	9	3	0	4	5	5	3	1	10	6	2	0	0	0	3	1	0	0	0	0	0	1	0	1	13	18	6	4	13	24	13	1	1	3	8	0	0
TCGA-29-1770	0	3	0	0	0	4	3	1	0	0	10	6	3	0	1	3	3	1	0	0	0	0	0	0	0	0	0	0	0	0	3	3	3	0	3	8	12	9	0	0	9	4	1	0	0	1	3	0
TCGA-29-1771	0	0	0	0	0	0	1	4	0	0	0	0	0	0	0	0	0	0	0	0	0	0	0	0	0	0	0	0	0	0	0	2	17	0	0	0	0	0	0	0	0	0	0	0	0	0	0	0
TCGA-29-1775	0	1	0	0	3	3	1	1	0	3	7	9	3	4	3	10	1	0	0	0	0	2	0	1	0	0	0	0	1	1	5	5	1	0	3	30	22	9	0	5	26	10	0	0	3	5	0	0
TCGA-29-1776	1	0	0	0	1	3	11	6	0	0	3	2	0	1	0	0	1	0	0	0	0	0	0	0	0	0	0	0	0	0	4	8	13	0	5	10	4	3	0	0	3	1	0	0	0	0	0	0
TCGA-29-1777	5	3	0	1	15	22	17	8	1	8	7	4	0	0	7	1	3	0	0	0	0	1	0	0	0	0	0	0	0	1	22	22	7	1	12	15	6	0	0	4	0	1	0	0	0	0	0	0
TCGA-29-1778	0	0	0	0	1	8	0	0	0	1	8	1	1	1	5	23	1	4	1	4	3	1	0	2	3	3	0	0	0	0	0	0	1	0	6	17	9	6	5	9	46	12	6	1	12	41	1	0
TCGA-29-1781	3	0	1	1	10	15	25	7	1	7	22	3	1	0	0	7	1	0	0	0	0	0	0	0	0	0	0	0	0	3	16	27	5	1	17	32	5	1	0	4	2	0	0	0	0	0	0	0
TCGA-29-1783	0	0	0	1	7	3	1	0	0	0	5	2	2	0	3	0	0	1	0	1	0	0	0	0	1	0	0	0	1	10	10	3	2	1	12	22	19	7	0	10	12	5	1	0	1	1	0	0
TCGA-29-1784	0	0	0	0	1	6	7	0	0	0	13	6	2	0	0	5	7	1	0	0	0	0	0	0	0	0	0	0	0	0	8	6	1	0	1	18	31	7	0	3	9	10	1	0	0	0	0	0
TCGA-29-1785	3	4	0	3	1	0	0	0	0	6	9	9	2	1	1	3	1	1	0	1	0	0	0	0	0	0	0	0	6	1	0	0	1	0	1	10	18	13	6	11	2	6	0	0	0	1	0	1
TCGA-29-2425	0	0	0	0	3	1	1	0	1	1	5	8	1	0	1	4	5	2	0	0	0	0	0	0	0	0	0	0	0	1	7	4	1	0	6	23	30	6	3	6	19	8	3	0	1	1	2	0
TCGA-29-2427	0	3	0	0	0	3	13	5	1	5	3	1	0	1	1	0	0	0	0	0	0	0	0	0	0	0	0	0	0	1	1	7	13	0	0	4	2	1	0	1	0	2	0	0	0	0	0	0
TCGA-29-2428	0	4	0	1	3	1	0	0	0	4	10	9	5	0	5	4	2	1	0	1	1	0	0	0	0	0	0	0	1	0	0	0	1	5	4	8	11	9	1	15	10	4	1	0	3	0	0	0
TCGA-29-2429	0	0	0	0	0	0	0	0	0	5	12	4	0	0	6	13	12	3	0	3	23	6	1	1	3	1	0	0	0	1	0	0	1	0	3	14	18	8	0	16	57	16	1	1	14	24	0	0
TCGA-29-2431	0	1	0	1	1	7	5	0	0	6	7	2	2	4	1	7	1	0	0	3	0	0	0	0	0	0	0	0	3	8	12	8	1	0	13	31	17	12	6	15	26	5	0	1	4	1	0	0
TCGA-29-2432	1	0	0	0	0	1	0	0	0	0	5	2	3	0	0	6	5	1	0	3	1	1	2	0	0	0	0	0	0	1	3	2	1	1	5	11	21	7	0	0	22	15	2	0	1	3	0	0
TCGA-29-2434	0	0	0	0	3	11	4	0	0	4	17	18	1	1	16	33	12	1	0	4	5	0	0	0	0	0	0	0	1	5	19	10	1	1	21	87	28	2	1	19	44	6	0	0	1	5	1	0
TCGA-29-2436	0	0	0	0	6	0	6	1	0	6	9	0	0	0	0	0	0	0	0	0	1	0	0	0	0	0	0	0	0	4	22	38	17	3	26	8	2	2	9	0	1	0	0	0	0	0	0	0
TCGA-29-A5NZ	0	0	0	0	3	1	0	0	1	4	19	3	0	0	4	6	3	1	0	0	1	0	0	0	0	0	0	0	1	5	1	2	1	1	24	62	25	9	0	10	42	10	1	1	10	8	0	0
TCGA-30-1714	0	0	0	1	10	10	3	0	0	16	19	1	0	0	7	4	1	0	0	0	1	0	0	0	0	0	0	0	1	4	11	6	3	1	18	32	16	9	3	20	14	4	1	0	1	4	0	0
TCGA-30-1718	0	0	0	0	0	0	1	0	0	0	7	3	0	1	3	15	7	3	1	1	7	3	0	0	1	1	0	0	1	1	1	1	0	0	3	25	14	2	1	12	60	39	3	0	7	13	6	0
TCGA-30-1853	0	0	0	0	1	11	5	1	0	7	7	3	2	0	10	3	1	0	0	0	0	0	0	0	0	0	0	0	3	3	12	6	2	0	14	20	10	7	0	3	8	2	1	0	1	3	0	0
TCGA-30-1855	1	0	0	0	1	12	9	0	0	0	10	7	2	0	1	9	8	2	0	4	1	0	0	0	0	0	0	0	0	4	13	9	2	1	10	36	28	5	0	6	7	4	0	0	0	0	0	0
TCGA-30-1857	0	0	0	0	0	6	14	6	0	3	4	3	1	0	0	0	0	0	0	0	0	0	0	0	0	0	0	0	0	0	11	12	11	1	9	5	9	3	0	0	1	1	1	0	0	0	0	0
TCGA-30-1859	0	0	0	1	1	3	3	0	2	0	5	1	1	0	0	0	1	0	0	0	0	0	0	0	0	0	0	0	0	1	8	2	5	0	8	17	9	11	1	0	3	3	0	1	7	3	1	0
TCGA-30-1860	4	7	8	5	12	32	37	5	4	5	13	6	0	0	5	11	3	0	0	0	0	0	0	0	0	0	0	0	0	4	20	25	4	3	11	16	10	1	0	0	2	0	0	0	0	0	0	0
TCGA-30-1861	0	0	0	0	1	11	8	3	0	4	15	9	2	0	10	19	7	1	0	1	4	2	0	0	0	0	0	0	0	3	16	12	1	0	12	43	26	4	0	5	25	11	0	0	1	0	0	0
TCGA-30-1862	0	0	0	1	6	12	11	0	1	6	9	9	1	1	5	6	2	1	0	1	3	0	0	0	1	0	0	0	0	3	10	5	4	0	11	29	11	6	1	10	15	0	0	1	6	3	0	0
TCGA-30-1866	0	0	1	0	0	3	0	0	0	10	6	1	1	1	0	6	0	0	0	3	2	1	0	0	0	0	0	0	0	3	5	8	1	1	9	56	22	11	1	10	27	4	1	2	5	10	0	0
TCGA-30-1867	0	1	0	0	0	0	3	0	0	1	4	2	2	0	4	7	3	1	0	4	1	0	0	0	1	0	0	0	0	0	7	5	1	0	5	15	19	10	1	6	14	5	1	0	5	10	0	0
TCGA-30-1880	0	3	0	0	3	3	6	5	2	3	0	0	0	0	0	0	0	0	0	0	0	0	0	0	0	0	0	0	0	1	13	18	15	0	20	12	1	1	0	0	0	0	0	0	0	0	0	0
TCGA-30-1887	0	0	0	0	0	3	0	1	0	0	6	4	4	0	3	3	2	2	0	0	0	0	0	0	0	0	0	0	0	0	5	2	2	1	11	23	7	8	1	6	8	1	2	0	1	4	0	0
TCGA-30-1891	1	1	1	1	6	31	19	6	1	3	6	3	2	1	1	6	2	0	0	0	0	0	0	0	0	0	0	0	1	14	22	15	7	3	13	26	8	1	0	5	3	2	0	0	0	0	0	0
TCGA-30-1892	1	0	0	0	1	0	3	0	0	3	6	5	2	0	0	5	2	1	0	0	1	0	0	0	0	0	0	0	0	0	1	0	1	0	5	8	9	13	0	1	3	1	0	0	0	0	1	0
TCGA-31-1944	1	3	0	5	10	11	10	7	0	0	1	5	1	0	0	0	0	0	0	0	0	0	0	0	0	0	0	0	0	1	15	15	11	0	6	6	11	2	0	1	0	1	0	0	0	0	0	0
TCGA-31-1946	0	4	1	1	0	0	0	0	2	4	16	10	1	0	0	10	5	1	0	0	3	3	0	0	0	0	0	0	0	0	1	2	0	0	3	14	31	6	0	15	22	11	2	0	4	5	2	0
TCGA-31-1950	0	0	0	0	1	3	1	0	0	3	3	3	3	0	4	4	4	2	0	0	0	0	0	0	0	0	0	0	0	1	0	4	1	0	4	13	6	9	0	3	1	1	1	0	1	0	0	0
TCGA-31-1951	3	4	1	1	14	18	15	4	0	8	5	1	1	0	4	0	0	0	0	0	0	0	0	0	0	0	0	0	1	8	24	28	11	3	29	20	5	2	0	3	3	0	0	0	0	0	0	0
TCGA-31-1953	0	1	0	0	1	3	0	0	0	0	21	4	1	0	8	16	2	1	1	3	6	0	0	0	0	0	0	0	0	0	10	2	1	0	18	65	59	5	3	37	72	8	0	0	5	7	0	0
TCGA-31-1955	0	3	0	0	1	9	10	5	0	0	3	2	1	0	0	0	0	0	0	0	0	0	0	0	0	0	0	0	0	0	1	12	9	3	1	4	9	3	0	0	0	0	0	0	0	0	0	0
TCGA-31-1956	0	0	0	1	1	9	10	6	0	4	5	3	1	0	0	0	0	0	0	0	0	0	0	0	0	0	0	0	1	0	5	10	13	0	4	9	3	3	0	0	1	0	0	0	0	0	0	0
TCGA-31-1959	0	4	1	4	7	23	18	10	1	7	10	5	1	0	1	5	1	0	0	0	0	0	0	0	0	0	0	0	0	0	20	19	5	0	9	11	5	0	0	1	3	1	0	0	0	0	0	0
TCGA-36-1568	1	0	0	1	4	4	13	3	0	0	3	6	1	0	0	4	2	1	0	1	0	0	0	0	0	0	0	0	0	0	8	21	13	0	16	14	12	1	0	0	2	0	1	0	0	0	0	0
TCGA-36-1569	1	0	0	0	0	3	1	0	0	0	4	1	1	0	0	1	4	4	0	0	1	3	0	0	0	0	0	0	0	0	1	4	1	0	1	4	9	9	0	0	5	6	5	0	0	1	0	0
TCGA-36-1570	1	1	0	6	1	6	13	5	3	3	3	1	1	0	0	0	1	0	0	0	0	0	0	0	0	0	0	0	0	6	15	31	10	6	20	22	9	3	1	4	3	0	0	0	0	0	0	0
TCGA-36-1571	0	0	0	1	4	7	3	0	0	7	18	2	2	0	0	4	0	2	0	0	0	0	0	0	0	0	0	0	0	0	14	4	3	0	18	41	12	8	0	16	36	4	1	1	10	12	2	0
TCGA-36-1574	0	0	0	0	3	8	13	6	0	0	4	4	1	0	0	5	1	1	1	1	0	0	0	0	0	0	0	0	0	0	6	12	11	3	7	4	4	3	0	4	1	1	0	0	0	0	0	0
TCGA-36-1575	0	1	0	1	6	6	6	0	0	1	6	8	4	0	10	4	0	0	0	1	0	0	0	0	0	0	0	0	0	3	0	3	3	1	3	15	9	7	0	6	7	4	1	0	3	4	0	0
TCGA-36-1576	0	0	0	0	1	0	0	0	0	0	1	1	1	0	3	5	2	2	0	0	1	0	0	0	1	0	0	0	0	0	3	2	1	0	3	10	6	6	0	10	26	7	9	0	14	18	2	2
TCGA-36-1577	1	1	1	0	3	15	18	7	0	6	6	8	1	0	4	0	0	0	0	0	0	0	0	0	0	0	0	0	1	1	11	19	10	1	7	15	8	1	0	3	0	1	0	0	0	0	0	0
TCGA-36-1578	0	0	3	3	6	28	10	1	1	8	28	14	1	0	3	14	9	1	3	0	5	0	0	0	0	0	0	0	0	9	24	17	1	5	22	49	27	3	0	4	17	2	0	0	0	0	0	0
TCGA-36-1580	0	3	0	0	0	3	4	0	0	4	7	4	0	0	4	7	7	0	0	1	10	8	1	1	2	5	0	0	0	0	1	0	1	1	4	6	6	4	1	6	38	25	5	1	7	6	2	0
TCGA-36-1581	1	1	1	1	7	13	4	0	0	4	7	8	2	0	4	0	2	2	0	0	0	0	0	0	1	0	0	0	0	13	18	11	3	3	5	40	20	6	1	6	12	2	2	0	3	5	0	0
TCGA-36-2529	0	0	1	0	1	4	1	0	1	0	5	4	2	0	0	3	4	2	1	0	0	1	0	0	0	0	0	0	0	4	7	5	2	3	6	23	15	8	0	7	29	5	1	0	7	8	0	0
TCGA-36-2530	0	5	1	0	5	15	15	6	1	4	14	3	1	0	1	3	1	0	0	0	0	0	0	0	0	0	0	0	1	3	9	13	13	1	10	23	14	2	0	3	2	0	0	0	0	0	0	0
TCGA-36-2532	0	0	0	0	3	0	0	0	0	1	18	8	2	0	7	4	3	0	0	3	0	0	0	0	0	0	0	0	0	1	0	0	0	0	4	11	24	12	0	20	23	6	1	0	5	1	0	0
TCGA-36-2533	0	0	0	0	4	1	1	0	0	1	7	4	3	0	1	14	2	1	0	3	5	0	0	0	1	0	0	0	1	3	6	4	1	0	7	25	28	8	0	4	21	14	1	0	1	0	1	0
TCGA-36-2534	6	0	0	5	5	29	24	3	3	3	13	7	1	0	1	7	1	0	3	1	0	0	0	0	0	0	0	0	0	3	33	27	5	11	16	26	12	1	11	3	3	3	0	1	0	1	0	0
TCGA-36-2537	0	0	0	0	6	8	10	5	0	3	4	2	0	0	0	0	1	0	0	0	0	0	0	0	0	0	0	0	0	0	6	11	15	0	1	10	5	0	0	0	0	0	0	0	0	0	0	0
TCGA-36-2538	1	0	1	0	0	6	12	8	0	3	3	2	1	0	0	3	1	0	0	0	0	0	0	0	0	0	0	0	0	0	7	11	11	3	3	9	6	1	0	0	1	0	0	0	0	0	0	0
TCGA-36-2539	3	4	0	1	11	28	20	6	1	6	6	6	1	0	4	5	0	0	0	1	0	0	0	0	0	0	0	0	0	3	23	23	6	0	9	10	5	3	0	0	3	1	0	0	0	0	0	0
TCGA-36-2540	0	0	0	0	3	1	3	2	0	0	0	0	0	0	0	0	0	0	0	0	0	0	0	0	0	0	0	0	0	1	6	4	20	5	3	0	0	0	0	0	0	0	0	0	0	0	0	0
TCGA-36-2542	0	3	0	0	9	6	14	7	1	12	11	3	0	0	0	5	3	0	1	1	0	0	0	0	0	0	0	0	0	3	31	38	6	0	17	42	7	3	1	7	3	2	0	1	0	0	0	0
TCGA-36-2543	1	18	1	3	4	1	0	0	3	26	24	17	2	1	14	13	4	2	0	5	2	1	0	0	0	0	0	0	0	0	1	0	1	0	9	17	36	4	4	17	18	7	1	0	4	0	0	0
TCGA-36-2544	3	1	3	1	10	21	12	4	0	4	9	5	1	0	3	0	4	0	0	0	0	0	0	0	0	0	0	0	3	3	15	23	10	0	14	13	13	0	0	3	0	0	0	0	0	0	0	0
TCGA-36-2545	0	1	0	1	0	1	0	0	0	1	10	13	3	1	1	4	5	0	0	1	0	0	0	0	0	0	0	0	0	0	0	0	0	0	3	16	18	10	1	4	7	11	2	0	1	1	2	0
TCGA-36-2547	0	0	0	4	6	11	8	0	0	4	16	15	0	0	9	28	11	2	0	1	4	3	0	0	0	0	0	0	0	3	17	13	0	2	15	65	19	4	0	10	41	12	0	0	0	5	0	0
TCGA-36-2548	0	0	0	0	1	3	0	0	0	3	4	7	4	0	7	0	1	0	0	0	0	0	0	0	0	0	0	0	3	3	4	3	1	0	10	28	19	9	0	20	3	2	2	0	1	1	0	0
TCGA-36-2549	0	0	0	0	3	8	11	4	0	1	1	4	0	0	0	1	0	1	0	0	0	0	0	0	0	0	0	0	1	0	4	9	17	0	3	14	9	2	0	0	2	3	0	0	0	0	0	0
TCGA-36-2552	0	1	0	1	5	5	0	0	0	1	10	4	1	0	4	7	3	2	5	3	1	3	0	0	0	0	0	0	0	6	5	0	1	0	13	32	15	6	3	15	39	6	4	2	3	3	0	0
TCGA-3P-A9WA	4	0	0	5	5	1	1	0	1	6	1	10	3	3	5	3	2	1	0	3	0	0	0	0	1	0	0	0	1	1	0	0	0	0	5	32	31	9	4	33	13	6	1	1	6	1	0	0
TCGA-42-2582	1	0	0	0	7	11	9	3	1	0	0	2	0	0	1	0	0	1	0	0	0	0	0	0	0	0	0	0	0	1	6	14	18	5	6	8	9	3	0	0	2	1	0	0	0	0	0	0
TCGA-42-2587	0	3	0	1	1	18	16	5	0	1	4	7	1	0	1	3	2	0	0	0	0	0	0	0	0	0	0	0	0	0	4	8	7	0	0	22	12	3	0	0	4	4	0	0	0	0	0	0
TCGA-42-2588	0	1	0	0	4	32	14	0	2	13	12	2	0	0	3	7	0	0	0	0	0	0	0	0	0	0	0	0	1	11	90	50	2	1	66	137	6	0	0	26	20	3	0	0	0	3	0	0
TCGA-42-2589	1	0	1	0	6	23	16	7	4	4	14	2	0	1	5	4	1	0	0	0	1	0	0	0	0	0	0	0	1	7	20	22	9	1	17	24	7	1	0	3	1	1	0	0	0	0	0	0
TCGA-42-2590	0	0	0	0	0	1	0	0	0	0	7	10	2	0	0	6	3	1	0	1	2	0	0	0	0	0	0	0	0	3	0	0	0	1	7	36	17	12	1	6	10	10	1	0	0	3	1	0
TCGA-42-2591	0	4	0	0	3	15	23	8	5	6	12	5	1	0	1	4	2	0	3	1	0	0	0	0	0	0	0	0	0	3	14	18	7	3	7	21	11	1	1	1	2	0	0	0	0	0	0	0
TCGA-42-2593	0	0	0	1	4	5	1	0	0	15	11	3	2	4	8	7	3	1	1	0	0	0	0	0	1	1	0	0	1	3	12	5	2	3	22	46	15	9	3	13	9	6	1	2	3	1	1	0
TCGA-57-1582	0	0	0	0	1	5	4	0	0	3	10	7	0	0	8	25	15	1	0	0	10	5	0	0	0	0	0	0	1	3	7	2	0	0	14	45	21	4	1	17	97	23	0	0	3	10	1	0
TCGA-57-1583	0	0	0	0	6	7	1	1	0	12	9	2	2	0	6	9	2	1	0	9	4	0	0	0	1	2	0	0	0	1	21	8	1	0	25	61	21	12	4	33	18	0	0	1	14	18	0	0
TCGA-57-1584	0	1	0	0	3	1	8	6	0	0	1	0	0	0	0	1	0	0	0	0	0	0	0	0	0	0	0	0	0	0	5	9	15	0	4	11	6	2	0	0	2	1	0	0	0	0	1	0
TCGA-57-1585	0	0	0	0	5	5	8	0	0	4	10	10	1	0	9	11	3	2	0	7	5	1	0	0	0	1	0	0	0	4	17	12	1	1	14	40	38	5	0	6	14	6	1	2	1	1	0	0
TCGA-57-1992	0	0	0	0	1	7	11	8	1	3	3	1	2	0	1	0	1	0	0	0	0	0	0	0	1	0	0	0	0	3	7	8	7	1	3	6	4	2	0	3	2	0	0	0	0	0	0	0
TCGA-57-1993	0	0	0	0	3	5	1	0	0	8	3	0	1	0	4	4	2	0	0	1	1	2	0	0	1	0	0	0	0	0	3	0	1	1	15	47	37	9	1	25	31	13	3	2	12	7	0	0
TCGA-57-1994	1	0	0	1	3	1	8	0	1	7	1	3	1	0	5	4	2	3	0	0	1	0	0	0	0	0	0	0	0	3	8	4	1	0	6	19	17	10	0	7	31	15	1	1	1	7	1	0
TCGA-59-2348	0	0	0	0	3	6	6	0	0	1	8	8	1	0	9	5	4	0	0	0	1	2	0	0	0	0	0	0	0	3	8	7	0	3	15	52	37	6	3	18	50	10	0	0	1	4	0	0
TCGA-59-2349	0	0	0	0	0	0	0	0	0	0	0	0	0	0	0	0	0	0	0	0	0	1	0	0	0	0	0	0	0	1	0	0	0	0	0	1	4	13	0	1	4	1	2	0	0	0	0	0
TCGA-59-2350	0	3	0	0	3	6	6	7	0	8	1	1	0	0	0	1	0	0	0	0	0	0	0	0	0	0	0	0	0	0	7	6	13	0	4	11	1	1	0	0	1	0	0	0	0	0	0	0
TCGA-59-2351	0	0	0	0	6	4	1	1	0	1	7	8	4	0	3	1	4	0	0	0	0	0	0	0	0	0	0	0	0	1	12	5	1	0	7	19	18	9	0	1	8	3	0	0	0	0	0	0
TCGA-59-2352	0	3	0	0	1	5	5	0	2	1	2	1	1	3	9	19	7	1	0	4	13	1	0	0	2	1	0	0	1	9	11	7	1	1	8	24	28	9	0	10	32	6	1	1	3	5	0	0
TCGA-59-2354	3	1	0	0	7	14	11	5	0	1	0	3	1	0	0	1	2	0	0	0	0	0	0	0	0	0	0	0	0	7	11	11	12	0	5	9	6	1	1	0	0	0	0	0	0	0	0	0
TCGA-59-2355	0	0	0	0	0	4	10	5	0	0	1	2	0	0	0	1	0	0	0	0	0	0	0	0	0	0	0	0	0	1	6	7	11	0	3	9	5	3	0	3	2	0	0	0	1	0	0	0
TCGA-59-2363	0	3	0	1	5	22	18	7	1	11	11	6	1	0	5	6	0	0	0	0	0	0	0	0	0	0	0	0	0	4	21	23	5	3	20	26	8	0	0	4	3	0	0	0	0	0	0	0
TCGA-59-2372	0	1	0	1	5	0	1	0	0	1	7	6	4	0	1	7	4	2	0	0	0	0	0	0	0	0	0	0	0	5	3	4	1	0	4	14	18	8	0	5	13	5	2	0	1	1	1	0
TCGA-59-A5PD	0	0	3	3	5	12	5	3	0	5	21	18	3	1	13	9	8	1	1	4	3	2	0	0	1	1	0	0	1	6	9	7	1	0	5	42	26	3	0	9	18	8	0	0	0	3	1	0
TCGA-5X-AA5U	0	1	1	4	1	1	0	0	0	0	6	2	2	0	4	7	1	2	0	0	0	0	0	0	0	0	0	0	0	8	3	2	0	0	8	22	13	9	0	13	19	4	3	2	5	8	1	0
TCGA-61-1721	0	0	0	0	0	0	0	0	0	3	0	0	0	0	0	0	0	0	0	0	0	0	0	0	0	0	0	0	0	0	0	2	20	0	0	0	0	0	0	0	0	0	0	0	0	0	0	0
TCGA-61-1722	0	0	0	0	4	17	4	1	0	4	12	9	3	0	4	3	4	1	0	1	2	0	0	1	1	2	0	0	1	0	15	16	5	1	14	24	12	4	1	6	7	0	0	1	4	4	0	0
TCGA-61-1724	3	4	0	3	3	25	22	7	2	10	10	4	0	0	3	1	3	0	0	0	1	1	0	0	0	0	0	0	0	3	30	24	4	4	18	28	8	0	0	3	2	0	0	0	0	0	0	0
TCGA-61-1725	0	0	0	1	0	4	14	5	0	0	1	4	0	0	0	1	0	0	0	0	0	1	0	0	0	0	0	0	0	1	10	15	10	1	1	14	7	3	0	0	4	1	0	0	0	0	0	0
TCGA-61-1727	0	0	0	0	3	10	9	0	0	9	19	6	1	0	3	13	4	1	0	1	2	0	0	0	0	1	0	0	0	3	25	15	4	0	8	58	29	5	0	4	16	6	0	0	1	4	0	0
TCGA-61-1728	0	0	0	0	4	7	0	0	0	1	6	3	2	3	3	7	3	0	0	0	0	0	0	0	0	0	0	0	0	1	3	2	0	0	14	25	20	12	1	12	19	5	1	1	5	11	1	0
TCGA-61-1730	0	0	0	0	1	0	1	0	0	4	3	3	2	0	3	5	0	1	0	0	1	0	0	0	0	1	0	0	0	3	4	3	2	0	1	18	10	9	0	4	19	6	3	0	0	4	2	0
TCGA-61-1733	0	0	0	1	0	0	3	1	0	3	4	2	2	0	4	0	0	0	0	0	0	0	0	0	0	0	0	0	1	1	4	3	7	0	6	3	8	9	0	1	6	1	1	0	0	1	0	0
TCGA-61-1734	0	0	0	0	0	0	0	0	0	9	11	8	3	3	5	3	5	1	0	5	1	3	0	0	0	0	0	0	0	0	0	0	0	0	3	7	17	9	4	8	7	6	1	0	0	1	1	0
TCGA-61-1736	0	1	0	1	6	16	16	4	0	12	7	2	0	0	1	1	0	0	0	0	0	0	0	0	0	0	0	0	0	3	23	19	9	1	22	11	4	2	0	0	0	0	0	0	0	0	0	0
TCGA-61-1737	0	1	0	0	0	0	0	0	0	3	6	10	6	0	5	1	3	0	0	0	0	1	1	0	0	0	0	0	0	0	0	0	1	1	0	4	16	7	1	3	5	8	2	1	1	0	2	0
TCGA-61-1738	0	3	0	1	3	0	0	0	0	8	13	7	1	3	9	5	2	0	8	8	4	0	0	0	1	0	0	0	0	3	6	0	1	1	10	47	43	11	4	45	22	3	0	0	15	4	0	0
TCGA-61-1740	0	3	1	1	6	18	24	6	1	3	21	12	0	0	1	3	3	0	0	0	0	0	0	0	0	0	0	0	1	0	10	15	6	0	4	11	8	0	0	0	1	1	0	0	0	0	0	0
TCGA-61-1741	0	1	0	0	4	1	0	0	0	0	8	3	3	0	0	3	0	3	0	0	0	1	0	0	0	0	0	0	0	1	4	4	0	0	4	16	13	7	1	4	10	5	2	0	4	8	2	0
TCGA-61-1743	0	0	1	0	4	9	7	3	0	4	10	4	1	0	0	3	0	0	0	5	3	0	0	0	2	1	0	0	0	0	6	5	5	0	3	8	7	7	0	0	1	1	0	0	3	4	0	0
TCGA-61-1895	0	0	1	1	4	11	15	7	0	1	5	2	2	0	0	0	4	0	0	0	0	0	0	0	0	0	0	0	0	3	11	13	11	0	7	13	10	1	0	0	0	0	0	0	0	0	0	0
TCGA-61-1899	1	0	0	0	1	6	1	3	0	4	11	2	2	0	3	7	2	2	1	0	0	0	2	1	1	0	0	0	0	3	5	2	1	1	6	28	15	10	0	14	22	5	0	2	5	8	0	0
TCGA-61-1900	0	5	3	5	4	15	18	4	0	1	6	8	1	0	1	6	6	0	0	0	0	0	0	0	0	0	0	0	0	3	14	15	8	0	8	12	14	2	1	3	4	2	0	0	0	0	0	0
TCGA-61-1903	1	1	0	1	0	8	10	6	0	1	0	3	1	0	0	1	1	0	0	0	0	0	0	0	0	0	0	0	0	3	7	15	9	0	11	17	10	3	0	0	4	0	0	0	0	0	0	0
TCGA-61-1904	0	1	0	0	6	0	0	1	1	0	4	0	3	1	4	3	5	2	0	3	1	4	1	0	1	1	0	0	0	0	0	1	2	0	1	11	8	7	0	5	4	10	1	0	0	11	3	1
TCGA-61-1906	1	3	0	4	0	0	0	0	1	6	11	6	6	0	1	0	1	2	0	0	0	1	0	0	0	0	0	0	0	0	0	0	2	1	4	4	9	10	0	10	8	5	0	0	0	0	1	0
TCGA-61-1907	1	0	0	0	0	1	6	0	0	1	11	8	3	0	4	5	6	0	1	0	0	1	0	0	0	0	0	0	0	1	4	3	1	1	0	16	24	6	0	5	18	11	2	0	3	4	0	0
TCGA-61-1910	1	1	0	5	6	15	18	4	2	8	6	1	0	0	0	4	2	0	0	0	2	0	0	0	0	0	0	0	0	6	24	26	9	6	20	27	8	3	0	3	8	1	0	0	0	0	0	0
TCGA-61-1911	0	1	0	3	7	3	6	1	0	0	10	2	5	0	9	3	0	0	5	1	0	0	0	0	0	0	0	0	0	8	17	10	4	1	10	19	11	4	3	16	24	2	0	0	1	4	0	0
TCGA-61-1913	1	1	0	3	6	13	17	7	1	7	3	2	1	0	0	3	0	0	0	0	0	0	0	0	0	0	0	0	1	1	13	15	13	0	8	8	4	1	0	0	0	2	0	0	0	0	0	0
TCGA-61-1914	0	1	0	0	0	6	0	0	0	1	1	11	2	0	0	5	4	1	0	0	3	1	0	0	0	0	0	0	0	0	0	0	1	1	1	6	11	9	0	4	8	10	5	0	0	1	2	0
TCGA-61-1915	0	0	0	0	1	4	3	0	0	0	5	3	2	0	1	1	1	0	0	0	0	0	0	0	0	0	0	0	0	1	6	7	1	1	3	18	25	10	0	6	17	12	1	0	0	4	0	0
TCGA-61-1916	0	0	0	4	8	5	1	0	0	7	30	9	4	1	5	9	0	0	1	1	1	0	0	0	2	0	0	0	3	8	6	0	0	4	12	56	29	9	1	17	27	5	0	4	4	5	0	0
TCGA-61-1917	0	1	0	4	6	11	6	0	1	9	32	23	1	6	21	25	9	1	1	6	3	3	0	0	0	0	0	0	0	5	12	9	1	0	19	66	37	3	0	15	14	5	0	0	0	0	0	0
TCGA-61-1918	0	0	0	0	0	5	0	0	0	0	13	7	0	0	10	16	0	0	0	1	1	0	0	0	0	0	0	0	0	5	15	9	0	0	38	185	54	1	3	38	111	5	0	1	4	7	0	0
TCGA-61-1995	0	1	0	0	0	1	4	6	0	4	3	0	0	0	0	0	0	0	0	0	0	0	0	0	0	0	0	0	0	1	3	4	11	0	0	1	0	0	0	0	0	0	0	0	0	0	0	0
TCGA-61-1998	0	0	0	0	0	12	9	5	0	6	11	1	1	0	1	0	0	0	0	0	0	0	0	0	0	0	0	0	0	3	14	9	16	0	3	13	7	2	0	0	2	2	0	0	0	0	0	0
TCGA-61-2000	3	1	0	0	8	28	17	4	2	20	23	3	0	3	5	6	1	0	0	1	3	0	0	0	1	0	0	0	0	17	92	56	1	5	40	124	4	0	0	18	22	1	0	0	1	3	0	0
TCGA-61-2002	0	4	0	0	3	9	16	5	1	0	5	4	1	0	1	1	1	0	0	0	0	1	0	0	0	0	0	0	0	1	7	12	10	0	3	15	9	1	0	0	1	1	0	0	0	0	0	0
TCGA-61-2003	0	0	0	0	1	0	0	0	0	0	4	2	3	0	5	15	8	0	0	1	4	1	1	0	1	0	0	0	0	0	1	2	1	0	1	15	5	7	0	7	11	8	3	0	1	3	0	0
TCGA-61-2008	0	0	0	0	3	3	5	0	0	3	7	2	2	0	1	1	3	0	0	0	0	0	0	0	0	0	0	0	4	4	9	9	3	1	10	30	37	7	0	0	15	10	0	0	0	0	0	0
TCGA-61-2009	0	0	0	0	3	3	0	0	0	3	1	4	1	3	1	3	2	2	0	0	1	0	0	0	5	0	0	0	0	0	3	2	1	0	1	8	12	7	1	5	10	6	4	1	0	3	0	1
TCGA-61-2012	0	1	0	0	4	12	4	0	0	3	5	4	3	0	4	13	7	1	0	3	5	1	0	0	1	1	0	0	0	1	6	7	3	0	5	22	10	6	0	7	15	6	1	0	5	7	0	1
TCGA-61-2016	0	0	0	1	1	0	0	0	2	5	8	9	4	0	1	1	2	1	0	1	0	0	0	0	0	0	0	0	0	0	0	0	1	0	1	13	9	10	0	3	5	6	1	0	0	1	0	0
TCGA-61-2017	0	0	0	1	7	4	1	1	1	1	0	0	0	0	0	0	0	0	0	0	0	0	0	0	0	0	0	0	0	1	4	4	19	0	3	5	0	0	1	1	0	0	0	0	0	0	0	0
TCGA-61-2018	1	1	4	0	5	15	17	6	0	4	10	3	1	0	0	3	3	0	0	0	1	0	0	0	0	0	0	0	1	1	11	16	10	0	10	14	13	1	0	1	2	0	0	0	0	0	0	0
TCGA-61-2087	4	1	0	3	3	0	0	0	0	6	15	13	3	0	3	1	7	0	3	0	0	0	0	0	0	0	0	0	3	3	0	0	0	0	3	5	20	9	1	3	11	9	1	0	0	1	0	0
TCGA-61-2088	0	0	0	0	4	4	1	0	0	1	1	2	2	0	0	3	0	0	0	0	0	0	0	0	0	0	0	0	0	4	4	1	2	1	9	17	14	10	0	5	18	2	2	1	5	14	0	0
TCGA-61-2092	0	0	0	0	3	0	3	0	0	1	3	1	0	0	0	0	0	0	1	0	0	0	0	0	0	0	0	0	0	3	22	31	17	0	36	19	2	2	0	4	0	0	0	0	0	0	0	0
TCGA-61-2094	0	1	0	0	1	3	7	5	0	0	3	3	1	0	1	0	0	0	0	0	0	0	0	0	0	0	0	0	0	0	5	9	11	0	5	4	5	1	0	1	0	0	0	0	0	0	0	0
TCGA-61-2095	0	1	1	0	4	1	5	0	0	0	0	0	0	0	0	0	0	0	0	0	0	0	0	0	0	0	0	0	0	0	1	3	19	0	0	0	0	0	0	0	0	0	0	0	0	0	0	0
TCGA-61-2096	0	1	0	0	7	13	16	5	0	7	7	3	1	1	3	3	2	0	1	0	0	0	0	0	0	0	0	0	0	6	13	28	7	0	16	16	4	1	0	1	1	0	0	0	0	0	0	0
TCGA-61-2097	0	0	0	1	0	4	1	0	1	1	8	7	7	0	1	0	6	1	0	0	0	1	0	0	0	0	0	0	0	0	0	0	0	0	1	5	16	6	0	1	5	5	2	0	0	1	0	0
TCGA-61-2101	0	3	0	1	6	6	3	0	1	0	1	2	2	0	1	3	2	4	1	0	0	0	1	0	0	0	0	0	0	3	11	3	2	0	3	13	7	5	3	1	15	4	2	0	0	3	0	0
TCGA-61-2102	1	1	0	0	0	0	0	0	1	12	22	2	1	1	4	15	6	1	1	7	15	7	0	1	5	1	0	0	3	0	1	1	1	0	4	19	15	5	4	17	78	20	3	0	11	25	3	1
TCGA-61-2109	3	1	0	1	1	0	0	0	1	11	14	13	3	0	5	3	5	2	0	0	2	1	1	0	0	0	0	0	1	1	1	2	0	0	5	16	18	7	1	4	17	10	1	0	1	1	0	0
TCGA-61-2110	0	0	0	0	1	3	4	6	0	1	1	0	0	0	0	0	0	0	0	0	0	0	0	0	0	0	0	0	0	0	1	4	15	0	7	9	5	1	0	0	0	0	0	0	0	0	0	0
TCGA-61-2111	0	0	1	0	1	16	13	7	0	3	3	5	0	0	0	3	0	0	0	0	0	0	0	0	0	0	0	0	0	3	20	16	6	1	4	27	5	2	1	5	8	0	0	0	0	0	0	0
TCGA-61-2113	0	0	0	0	0	0	1	0	0	0	1	1	0	0	0	3	3	1	0	1	3	1	2	0	0	4	0	0	0	0	0	3	1	3	1	14	6	6	0	5	25	11	10	0	4	13	0	1
TCGA-61-2610	1	1	0	1	7	10	19	3	0	0	3	4	1	0	0	1	1	1	0	0	0	0	0	0	0	0	0	0	0	1	10	18	9	1	9	15	12	1	0	0	6	2	1	0	0	0	0	0
TCGA-61-2611	0	0	0	0	1	10	4	0	0	1	10	9	2	0	1	8	7	1	0	1	2	1	0	0	0	0	0	0	0	0	10	8	1	0	0	37	34	4	0	4	19	7	1	0	0	1	1	0
TCGA-61-2612	0	0	0	1	1	0	1	0	0	1	5	4	0	0	3	5	3	4	0	1	1	1	1	0	0	0	0	0	0	1	1	2	1	0	10	30	12	8	1	3	35	10	2	0	1	8	0	0
TCGA-61-2613	0	0	0	0	10	11	14	4	1	4	5	2	2	0	3	1	0	0	0	0	0	0	0	0	0	0	0	0	0	5	15	25	9	0	25	5	4	1	0	3	1	0	0	0	1	0	0	0
TCGA-61-2614	0	3	0	1	4	0	0	0	0	3	4	2	1	0	4	6	3	3	0	0	2	0	3	0	1	4	0	0	0	3	4	1	2	0	12	21	12	6	0	9	12	8	6	1	0	0	0	0
TCGA-OY-A56P	0	1	0	1	1	0	0	0	0	3	4	1	0	0	4	3	4	3	0	0	1	2	0	0	1	0	0	0	0	0	0	1	1	0	9	13	5	4	1	16	62	25	7	2	12	13	1	0
TCGA-OY-A56Q	0	0	0	0	0	0	0	0	0	3	0	0	0	0	0	17	7	2	0	0	11	3	0	0	0	0	0	0	0	0	0	3	1	0	6	18	11	2	0	9	98	36	3	0	10	33	5	0
TCGA-VG-A8LO	1	1	0	0	0	11	19	3	1	7	2	3	1	0	0	4	2	1	0	1	1	0	0	0	0	0	0	0	0	3	29	29	7	11	32	32	10	0	0	4	3	1	0	0	0	0	0	0
TCGA-WR-A838	0	0	0	0	1	1	3	0	0	0	5	1	0	0	0	0	0	0	0	0	0	0	0	0	0	0	0	0	0	1	7	2	1	0	7	30	19	12	1	14	41	6	2	1	9	21	0	0
