MutationType	TCGA-23-2081	TCGA-30-1714	TCGA-09-1665	TCGA-30-1892	TCGA-24-2261	TCGA-24-0982	TCGA-61-2003	TCGA-04-1341	TCGA-24-2033	TCGA-09-1670	TCGA-25-1633	TCGA-24-2290	TCGA-13-1483	TCGA-13-0923	TCGA-24-0968	TCGA-23-1121	TCGA-29-1784	TCGA-13-1819	TCGA-23-1021	TCGA-61-2009	TCGA-25-1329	TCGA-10-0933	TCGA-61-2088	TCGA-61-2109	TCGA-61-1907	TCGA-23-2072	TCGA-36-1581	TCGA-24-2262	TCGA-24-2295	TCGA-09-0366	TCGA-61-1915	TCGA-25-1632	TCGA-24-1464	TCGA-20-1683	TCGA-25-2392	TCGA-36-2534	TCGA-25-2404	TCGA-09-1664	TCGA-04-1353	TCGA-23-1107	TCGA-24-2035	TCGA-13-1492	TCGA-25-2401	TCGA-09-1674	TCGA-24-1558	TCGA-61-1733	TCGA-61-2097	TCGA-36-2537	TCGA-24-1555	TCGA-13-0762	TCGA-13-2057	TCGA-13-1484	TCGA-13-1495	TCGA-59-2355	TCGA-13-1500	TCGA-04-1517	TCGA-13-0802	TCGA-61-2110	TCGA-61-1904	TCGA-36-2543	TCGA-13-1509	TCGA-13-0906	TCGA-36-2552	TCGA-13-0913	TCGA-13-1412	TCGA-04-1655	TCGA-13-0768	TCGA-04-1648	TCGA-23-1023	TCGA-29-1768	TCGA-13-0899	TCGA-24-1847	TCGA-13-0886	TCGA-04-1519	TCGA-42-2593	TCGA-24-1616	TCGA-61-2000	TCGA-29-1707	TCGA-13-2071	TCGA-09-2045	TCGA-24-2030	TCGA-24-1560	TCGA-04-1347	TCGA-61-1900	TCGA-61-1899	TCGA-25-2042	TCGA-59-2363	TCGA-36-2549	TCGA-13-1497	TCGA-13-0792	TCGA-13-0908	TCGA-36-1568	TCGA-31-1956	TCGA-30-1862	TCGA-20-0990	TCGA-59-2349	TCGA-04-1332	TCGA-25-1319	TCGA-24-1603	TCGA-24-2027	TCGA-25-2397	TCGA-25-1322	TCGA-10-0927	TCGA-13-0800	TCGA-36-1571	TCGA-3P-A9WA	TCGA-61-2113	TCGA-30-1857	TCGA-61-1734	TCGA-04-1331	TCGA-61-1728	TCGA-31-1955	TCGA-04-1369	TCGA-24-1467	TCGA-13-0799	TCGA-04-1651	TCGA-61-1913	TCGA-09-2050	TCGA-23-1109	TCGA-24-1428	TCGA-13-0795	TCGA-36-2545	TCGA-29-1785	TCGA-24-1552	TCGA-42-2588	TCGA-23-1122	TCGA-23-1116	TCGA-25-2391	TCGA-29-1701	TCGA-59-2354	TCGA-24-0975	TCGA-04-1365	TCGA-10-0925	TCGA-13-1403	TCGA-13-0766	TCGA-61-1903	TCGA-24-1843	TCGA-24-1474	TCGA-20-1682	TCGA-24-2288	TCGA-36-1578	TCGA-31-1950	TCGA-29-1762	TCGA-13-0804	TCGA-36-2538	TCGA-31-1946	TCGA-13-0884	TCGA-04-1360	TCGA-61-1725	TCGA-61-1995	TCGA-13-1488	TCGA-09-2049	TCGA-24-2026	TCGA-13-0889	TCGA-10-0926	TCGA-29-1704	TCGA-13-1817	TCGA-29-2432	TCGA-13-0807	TCGA-61-1736	TCGA-31-1951	TCGA-13-0919	TCGA-13-0725	TCGA-57-1584	TCGA-30-1867	TCGA-13-1494	TCGA-59-2352	TCGA-29-1694	TCGA-24-1104	TCGA-36-2533	TCGA-61-2096	TCGA-13-0900	TCGA-29-1781	TCGA-23-1114	TCGA-25-1871	TCGA-23-2078	TCGA-25-2396	TCGA-5X-AA5U	TCGA-24-1435	TCGA-13-1501	TCGA-04-1646	TCGA-61-2018	TCGA-13-1504	TCGA-24-1466	TCGA-61-2094	TCGA-59-2372	TCGA-20-0991	TCGA-13-0794	TCGA-09-2044	TCGA-13-A5FT	TCGA-61-1895	TCGA-09-2054	TCGA-42-2590	TCGA-24-1557	TCGA-20-1686	TCGA-57-1994	TCGA-23-1029	TCGA-04-1654	TCGA-42-2587	TCGA-20-1685	TCGA-23-1022	TCGA-13-1477	TCGA-13-0897	TCGA-09-1667	TCGA-20-0996	TCGA-36-2540	TCGA-04-1356	TCGA-13-0885	TCGA-23-2647	TCGA-29-1711	TCGA-25-1870	TCGA-29-1761	TCGA-29-2429	TCGA-25-1625	TCGA-61-1741	TCGA-24-1416	TCGA-24-1471	TCGA-61-2614	TCGA-24-1553	TCGA-04-1342	TCGA-23-1118	TCGA-61-1914	TCGA-24-1927	TCGA-24-1920	TCGA-09-2051	TCGA-04-1349	TCGA-13-1507	TCGA-09-1673	TCGA-13-1487	TCGA-13-0764	TCGA-24-2038	TCGA-04-1362	TCGA-13-0924	TCGA-25-1314	TCGA-10-0936	TCGA-20-1687	TCGA-13-0904	TCGA-24-2289	TCGA-OY-A56P	TCGA-09-1668	TCGA-36-2544	TCGA-23-1110	TCGA-04-1644	TCGA-23-1111	TCGA-61-1721	TCGA-29-1699	TCGA-30-1891	TCGA-23-2084	TCGA-13-0726	TCGA-24-1842	TCGA-24-1419	TCGA-13-1409	TCGA-59-A5PD	TCGA-61-1918	TCGA-OY-A56Q	TCGA-04-1343	TCGA-29-1702	TCGA-23-1031	TCGA-24-1928	TCGA-24-2019	TCGA-24-1556	TCGA-61-2002	TCGA-31-1944	TCGA-23-1113	TCGA-04-1337	TCGA-13-0883	TCGA-13-0724	TCGA-25-1634	TCGA-29-1778	TCGA-04-1348	TCGA-29-1769	TCGA-24-1431	TCGA-57-1583	TCGA-24-2020	TCGA-24-1563	TCGA-13-1491	TCGA-13-0717	TCGA-24-1430	TCGA-23-2641	TCGA-30-1855	TCGA-25-2393	TCGA-24-2271	TCGA-09-1666	TCGA-04-1536	TCGA-36-2547	TCGA-23-1120	TCGA-24-1424	TCGA-24-2281	TCGA-23-1030	TCGA-29-1688	TCGA-13-2060	TCGA-13-0758	TCGA-04-1346	TCGA-25-1321	TCGA-24-1463	TCGA-25-2408	TCGA-24-1551	TCGA-29-2428	TCGA-24-2023	TCGA-24-1849	TCGA-36-2529	TCGA-13-2061	TCGA-WR-A838	TCGA-24-0979	TCGA-29-1692	TCGA-24-2280	TCGA-13-0905	TCGA-24-1564	TCGA-24-1567	TCGA-13-0893	TCGA-13-1482	TCGA-25-1628	TCGA-61-2611	TCGA-25-2399	TCGA-10-0934	TCGA-13-0887	TCGA-13-0720	TCGA-09-2053	TCGA-24-1469	TCGA-29-A5NZ	TCGA-04-1367	TCGA-61-1740	TCGA-24-1544	TCGA-09-1659	TCGA-36-2542	TCGA-42-2589	TCGA-61-2613	TCGA-24-1470	TCGA-36-2530	TCGA-24-1850	TCGA-36-1580	TCGA-09-0369	TCGA-30-1861	TCGA-25-1313	TCGA-24-2024	TCGA-30-1887	TCGA-04-1338	TCGA-29-1691	TCGA-04-1350	TCGA-29-1695	TCGA-24-1436	TCGA-24-1930	TCGA-13-1408	TCGA-13-0921	TCGA-24-1565	TCGA-57-1585	TCGA-25-1878	TCGA-24-1549	TCGA-20-1684	TCGA-13-1496	TCGA-13-2066	TCGA-24-1846	TCGA-24-1550	TCGA-13-0751	TCGA-04-1335	TCGA-61-1738	TCGA-13-1410	TCGA-61-2102	TCGA-13-0801	TCGA-25-1317	TCGA-13-2059	TCGA-29-1705	TCGA-36-2548	TCGA-24-1418	TCGA-61-1911	TCGA-04-1357	TCGA-30-1853	TCGA-13-0890	TCGA-29-1764	TCGA-23-2079	TCGA-04-1649	TCGA-24-1427	TCGA-VG-A8LO	TCGA-13-0730	TCGA-04-1361	TCGA-61-2111	TCGA-61-2016	TCGA-29-1703	TCGA-61-2095	TCGA-24-0966	TCGA-29-1693	TCGA-13-1499	TCGA-24-1426	TCGA-24-2298	TCGA-23-2645	TCGA-13-A5FU	TCGA-10-0937	TCGA-23-2643	TCGA-13-0912	TCGA-29-2434	TCGA-04-1336	TCGA-13-0791	TCGA-24-1103	TCGA-13-0888	TCGA-13-1506	TCGA-24-1422	TCGA-24-2260	TCGA-10-0930	TCGA-13-0761	TCGA-29-1770	TCGA-24-2293	TCGA-13-0803	TCGA-25-1318	TCGA-04-1542	TCGA-36-2539	TCGA-29-1766	TCGA-24-1562	TCGA-24-1546	TCGA-23-1117	TCGA-61-2012	TCGA-04-1530	TCGA-13-0714	TCGA-13-0891	TCGA-24-0980	TCGA-29-1775	TCGA-13-1512	TCGA-09-0365	TCGA-10-0928	TCGA-24-2036	TCGA-31-1959	TCGA-29-2425	TCGA-61-2087	TCGA-13-0911	TCGA-30-1866	TCGA-24-1423	TCGA-13-0805	TCGA-13-1407	TCGA-24-1923	TCGA-57-1993	TCGA-23-1028	TCGA-61-1910	TCGA-09-1661	TCGA-13-1511	TCGA-24-1548	TCGA-23-1124	TCGA-24-1845	TCGA-04-1652	TCGA-13-1411	TCGA-36-1570	TCGA-09-1662	TCGA-13-0903	TCGA-30-1859	TCGA-13-1510	TCGA-36-1576	TCGA-29-1776	TCGA-23-1027	TCGA-13-1498	TCGA-25-1312	TCGA-23-1032	TCGA-36-1574	TCGA-59-2350	TCGA-31-1953	TCGA-59-2348	TCGA-24-1844	TCGA-13-0910	TCGA-09-1672	TCGA-24-2029	TCGA-13-0755	TCGA-13-0757	TCGA-13-0760	TCGA-09-1675	TCGA-61-1743	TCGA-09-2056	TCGA-23-1123	TCGA-29-2436	TCGA-10-0931	TCGA-23-1809	TCGA-29-2427	TCGA-23-1024	TCGA-29-2431	TCGA-36-2532	TCGA-25-1626	TCGA-36-1575	TCGA-24-1425	TCGA-13-0793	TCGA-23-2649	TCGA-29-1771	TCGA-04-1516	TCGA-04-1638	TCGA-25-1623	TCGA-30-1860	TCGA-10-0935	TCGA-61-1722	TCGA-61-1998	TCGA-09-0367	TCGA-04-1525	TCGA-13-1405	TCGA-25-1627	TCGA-24-1413	TCGA-13-1481	TCGA-23-1026	TCGA-13-0727	TCGA-25-1635	TCGA-13-0901	TCGA-25-1316	TCGA-24-1417	TCGA-24-1614	TCGA-30-1880	TCGA-29-1710	TCGA-24-2254	TCGA-09-2055	TCGA-57-1582	TCGA-30-1718	TCGA-25-2400	TCGA-57-1992	TCGA-13-0920	TCGA-36-1569	TCGA-10-0938	TCGA-61-2017	TCGA-13-2065	TCGA-61-1724	TCGA-13-1485	TCGA-61-2610	TCGA-61-2612	TCGA-24-1105	TCGA-24-1604	TCGA-59-2351	TCGA-42-2582	TCGA-29-1697	TCGA-29-1777	TCGA-09-1669	TCGA-24-2267	TCGA-36-1577	TCGA-24-1434	TCGA-20-0987	TCGA-42-2591	TCGA-61-1737	TCGA-61-1917	TCGA-25-1630	TCGA-13-0894	TCGA-25-2409	TCGA-29-1783	TCGA-61-1727	TCGA-25-2398	TCGA-61-1916	TCGA-25-1631	TCGA-09-0364	TCGA-24-1852	TCGA-24-0970	TCGA-61-2101	TCGA-61-2008	TCGA-13-1404	TCGA-25-1315	TCGA-61-2092	TCGA-61-1906	TCGA-04-1514	TCGA-24-1924	TCGA-13-1489	TCGA-61-1730	TCGA-29-1696	TCGA-29-1763	TCGA-24-1545	TCGA-09-2043	TCGA-13-0916	TCGA-13-0723
0:homdel:0-100kb	0	0	2	1	0	0	0	0	0	0	1	0	1	0	0	3	0	2	1	0	0	0	0	2	1	1	1	1	0	0	0	0	1	1	0	5	0	0	3	1	0	1	1	1	0	0	0	0	0	0	0	0	0	0	0	0	1	0	0	1	1	0	0	1	0	0	0	0	1	0	0	0	1	0	0	0	2	0	0	0	0	0	0	0	1	0	0	0	0	0	0	1	0	0	0	0	0	0	1	2	1	0	0	0	0	3	0	0	0	0	0	0	3	0	1	2	1	3	0	1	0	0	2	0	0	0	0	1	0	2	0	2	0	3	0	1	0	0	0	0	0	0	0	1	1	0	0	1	0	0	0	0	1	0	0	1	0	1	1	0	2	0	1	0	0	2	0	0	1	0	0	0	2	0	0	0	0	0	5	3	0	1	0	0	0	0	0	0	0	0	0	0	0	0	1	1	0	0	0	0	1	0	1	0	0	0	0	0	1	0	0	0	0	0	0	0	0	0	0	0	0	0	2	0	1	0	1	0	0	0	0	0	2	0	0	0	0	0	0	1	2	0	0	0	0	0	1	0	1	0	0	0	0	0	0	0	0	0	0	1	0	0	1	0	0	1	0	0	0	0	1	0	0	0	2	1	0	0	1	1	0	0	0	1	0	0	0	0	0	1	1	0	0	0	2	0	1	0	0	0	0	1	0	0	0	0	1	0	1	1	0	0	0	1	0	2	0	1	1	0	2	0	0	0	0	1	0	0	0	0	0	2	0	0	1	0	2	2	0	1	0	2	0	0	0	0	1	0	0	0	0	0	0	0	0	0	0	1	1	0	0	1	0	0	0	0	0	0	0	0	1	1	1	0	0	0	0	0	0	0	1	0	1	1	1	0	0	0	0	0	0	0	0	0	0	0	0	2	0	0	0	0	1	1	2	0	0	0	2	0	1	1	0	0	0	0	0	0	0	0	0	3	0	0	0	0	0	0	0	0	1	1	0	3	0	0	0	1	1	2	3	0	2	0	1	0	6	0	0	0	0	0	0	0	0	0	0	1	0	1	0	0	1	0	0	0	0	0	0	0	0	0	0	0	0	1	0	0	0	0	3	0	0	0	0	0	0	0	1	0	0	0	0	0	0	1	0	0	1	0	0	0	0	0	0	0	1	1	0	1	2	0	1	0	0	0	0	1	1	4	0	0	1	0	0	0	0	0	1	0	4	0	0	0	0	0	0	0	0	0	0	0	0	0	1	0	0	1	0	0	0	0	1	1	0
0:homdel:100kb-1Mb	0	0	4	0	1	0	0	0	0	0	0	3	0	0	2	3	0	2	1	0	0	0	0	1	0	1	1	0	0	0	0	0	3	0	0	0	0	0	2	2	0	2	2	0	0	0	0	0	1	0	0	1	0	0	0	2	0	0	1	17	6	3	1	0	1	0	0	0	0	1	0	0	2	0	0	0	1	1	0	0	0	0	0	4	0	0	2	0	0	0	1	0	0	0	0	0	0	0	1	4	0	0	0	0	0	0	0	0	0	1	0	2	0	0	2	0	1	0	0	2	0	1	3	0	1	0	0	2	0	1	0	5	1	2	0	1	0	1	0	2	0	0	0	1	0	3	0	0	0	1	1	0	1	2	0	0	1	0	0	1	3	0	0	1	1	3	2	0	0	0	1	0	0	0	0	0	0	1	0	1	0	1	0	0	1	1	0	0	4	1	0	0	0	0	0	0	0	2	2	0	0	0	0	0	0	0	0	0	0	3	0	0	0	3	1	0	0	2	0	0	0	1	4	1	0	0	1	0	3	1	0	0	0	0	0	1	0	4	1	1	1	2	1	0	0	0	1	1	0	0	0	0	0	0	0	0	4	0	0	1	0	3	2	2	0	0	0	0	0	1	1	0	0	1	0	1	0	0	0	0	1	3	0	1	0	1	0	1	0	0	1	1	0	0	1	0	2	3	1	0	0	0	0	0	0	1	2	1	1	1	0	1	0	2	1	3	1	1	8	0	2	2	0	2	2	0	0	0	4	0	2	1	0	0	1	0	0	1	0	4	4	1	0	0	0	0	1	5	0	0	0	2	8	0	1	2	0	1	4	1	0	1	0	1	1	0	0	1	0	0	0	1	1	0	0	0	0	0	1	0	0	0	1	2	2	0	0	0	0	0	1	0	0	0	0	2	0	2	0	2	2	0	0	0	3	0	0	0	0	1	0	2	0	0	1	0	1	5	0	3	0	1	3	0	1	1	0	0	0	1	1	0	0	3	0	0	0	1	1	0	5	0	2	0	0	0	2	0	0	0	2	1	0	0	2	0	1	2	1	2	0	0	0	0	0	0	3	2	1	1	0	0	1	1	0	2	0	0	1	1	6	0	0	0	0	0	0	1	1	0	2	0	0	0	0	1	2	2	0	1	1	0	0	0	0	1	0	1	0	0	3	0	1	0	1	0	0	0	4	2	3	0	1	0	1	3	1	1	0	1	0	0	0	0	0	0	0	0	2	2	0	2	0	0	2	0	1	4	0	0	0	0	0	1	0
0:homdel:>1Mb	1	0	1	0	0	0	0	0	0	0	1	0	0	0	0	2	0	0	0	0	0	0	0	0	0	0	1	0	0	0	0	0	0	1	2	0	0	0	0	1	0	0	2	0	0	0	0	0	0	0	0	1	0	0	1	0	1	0	0	1	0	0	0	1	0	0	0	0	0	0	0	0	0	0	0	0	0	1	0	0	1	0	0	2	0	0	0	0	1	1	2	0	0	0	0	0	0	1	0	1	1	1	0	0	0	0	0	0	0	0	0	0	0	0	0	1	0	0	0	0	0	0	0	0	0	0	0	0	0	0	0	0	0	0	0	0	0	0	2	1	2	0	0	1	1	1	0	0	0	0	0	0	0	0	0	0	0	0	0	0	1	0	1	0	0	0	0	0	0	0	0	0	1	0	0	1	0	1	0	0	0	3	1	0	0	0	0	0	2	0	1	0	0	0	0	0	1	0	0	1	0	0	0	0	0	0	1	0	0	1	0	0	0	1	0	0	0	0	1	0	0	0	0	1	0	0	0	0	0	0	0	0	0	0	0	0	0	0	0	0	2	0	0	0	0	0	1	0	0	0	0	0	2	0	0	0	1	0	0	0	1	0	0	0	0	0	0	0	0	1	0	0	0	0	0	0	0	0	0	0	0	0	0	0	0	1	0	1	0	0	1	1	0	0	0	0	0	0	0	0	1	0	0	0	0	0	1	2	0	0	0	0	0	0	0	0	1	0	0	0	0	1	0	0	0	1	0	1	1	2	0	0	0	1	1	0	0	2	0	0	0	0	0	1	0	0	0	0	0	0	0	0	0	0	0	0	0	0	0	0	1	1	0	0	0	0	0	1	1	0	0	1	0	0	2	1	0	0	1	0	0	1	0	0	0	0	0	0	1	0	0	0	0	1	0	0	2	1	0	0	0	0	0	0	0	0	0	1	0	0	0	0	0	0	0	1	0	1	1	1	0	0	0	1	1	0	0	0	0	0	0	0	0	1	0	1	1	1	0	0	0	0	0	0	0	0	1	0	0	0	0	0	0	0	0	0	0	0	0	1	0	1	0	0	0	0	0	0	0	0	0	0	0	0	0	0	0	1	0	0	6	0	0	0	0	0	0	1	0	0	1	0	0	0	0	0	0	0	0	0	0	0	0	0	0	0	0	1	0	1	0	1	0	0	1	0	0	0	0	0	0	0	1	0	0	0	0	0	0	0	1	0	0	0	0	0	0	0	1	0	0	1	0	0	0	0	0	1	0	1	0	0	0	0	1
1:LOH:0-100kb	0	1	2	0	0	0	0	2	0	0	1	2	0	0	1	2	1	0	1	0	0	0	0	1	0	0	1	0	0	0	0	0	0	1	0	4	0	0	2	0	0	2	1	1	1	1	1	0	0	2	0	0	0	0	0	1	0	0	0	2	4	2	1	7	0	0	0	0	1	0	0	0	0	0	1	0	1	1	1	2	0	0	0	4	0	0	1	0	3	0	1	1	1	1	0	0	0	0	1	1	0	1	0	0	1	4	0	0	0	0	0	0	7	0	2	1	2	1	1	0	0	1	2	0	0	0	0	5	1	0	0	5	1	3	0	1	1	1	2	0	2	0	0	0	0	1	0	4	1	0	0	0	1	1	1	1	2	0	2	1	2	1	0	0	0	0	0	0	0	0	0	1	1	1	0	0	1	3	1	1	1	0	0	1	0	1	0	2	4	1	1	1	0	0	0	1	0	4	1	0	1	1	0	0	0	0	0	0	0	1	0	0	0	1	0	0	0	1	0	2	0	0	3	0	0	0	1	0	3	1	0	0	1	2	0	0	0	0	1	1	1	0	1	0	0	0	1	0	2	0	1	0	2	0	0	0	0	0	0	0	1	1	4	0	0	0	0	0	0	1	1	1	0	1	0	1	0	0	5	0	1	0	0	0	3	1	0	0	0	0	0	2	0	1	0	0	1	1	2	0	0	2	0	0	0	0	1	1	1	1	2	0	0	0	2	4	0	0	2	0	4	1	1	0	0	0	0	1	0	0	0	2	0	0	3	0	2	3	0	2	2	3	0	1	0	0	0	6	0	0	0	0	1	0	1	1	1	0	2	0	0	1	0	0	2	0	0	1	0	0	1	3	0	0	0	0	1	2	0	1	0	0	3	0	0	0	1	3	0	0	0	0	0	0	1	0	0	0	0	0	0	0	1	3	1	3	0	0	2	0	0	3	1	1	0	1	1	1	0	3	0	2	0	0	0	0	0	0	0	1	4	0	2	0	2	1	0	1	7	0	0	1	1	0	0	0	6	0	0	0	0	0	0	0	1	0	0	2	0	3	0	0	1	1	0	0	0	1	2	1	0	0	1	1	0	3	0	0	1	0	4	0	0	0	0	0	0	0	0	0	0	0	0	2	0	0	1	0	0	0	0	1	0	0	1	0	0	1	1	0	3	0	1	1	0	1	0	0	0	1	0	0	0	0	1	0	0	3	1	0	2	1	0	0	3	1	0	0	0	1	0	0	0	0	3	2	0	0	0	1	0	0	0	0	0
1:LOH:100kb-1Mb	7	8	21	1	0	3	2	3	1	3	0	0	2	1	5	17	2	5	0	2	0	4	3	1	0	1	6	2	0	1	1	0	7	9	0	4	0	2	0	6	2	5	7	4	4	0	0	5	0	2	0	3	1	0	0	3	1	2	6	3	7	2	4	4	2	1	1	0	0	3	1	0	0	1	3	1	6	4	2	5	1	0	1	3	1	0	4	2	10	6	2	3	1	5	7	0	0	6	0	2	4	2	1	3	3	4	0	0	0	0	3	2	11	1	1	1	5	8	2	0	1	0	1	3	3	1	1	2	5	8	0	8	1	3	1	0	9	5	3	0	5	1	0	1	0	0	0	5	0	0	6	2	3	5	2	4	1	0	5	5	14	0	4	2	0	5	4	0	0	3	6	2	8	1	1	7	1	1	3	4	1	4	2	2	1	4	0	3	9	10	3	3	0	3	0	3	1	5	1	1	3	0	7	2	0	2	1	0	2	11	1	3	0	4	3	1	0	3	4	3	0	0	6	3	1	2	8	4	7	7	1	4	0	3	1	1	2	5	1	1	9	0	5	0	0	5	6	0	9	1	2	1	6	0	0	1	7	1	3	4	1	2	8	1	1	0	2	0	1	7	2	4	5	0	7	3	3	1	7	1	6	0	1	8	5	11	0	1	3	2	6	5	4	0	2	0	15	2	0	0	1	5	1	2	3	1	11	4	1	2	1	3	1	4	4	4	2	6	14	2	2	5	3	2	9	6	8	1	4	6	0	7	1	3	2	0	6	5	1	8	9	6	1	3	0	4	1	5	2	3	1	0	4	3	4	2	0	0	4	2	3	6	2	3	6	0	1	3	0	0	1	3	0	3	2	1	1	5	3	3	1	0	6	4	5	0	4	9	11	2	0	0	2	1	3	4	5	2	1	0	2	1	5	2	9	1	1	0	4	3	0	2	1	2	2	3	0	5	2	6	2	2	0	0	0	4	3	0	2	0	6	4	6	0	6	4	0	6	1	5	4	1	5	1	1	8	14	5	2	2	2	1	2	2	7	0	3	0	0	10	5	3	2	4	5	4	1	0	7	1	2	2	5	4	1	6	0	1	1	0	10	2	4	0	0	1	3	5	0	1	3	0	0	2	0	4	0	2	5	1	2	1	0	1	1	2	0	5	6	2	2	0	6	1	2	1	5	6	0	13	1	6	3	1	5	2	0	7	1	0	0	6	2	1	6	0	4	0	6	5	2	6	1	2	0	3	4	2	1	1	0	1	2	7	1
1:LOH:1Mb-10Mb	10	7	25	0	4	4	0	4	1	0	4	1	8	6	3	33	4	9	1	3	1	1	3	0	1	0	10	14	2	7	3	2	5	3	7	23	0	2	7	4	6	0	9	2	5	0	3	6	0	0	0	2	0	3	0	3	2	2	0	1	20	3	3	11	4	0	7	2	7	8	2	3	1	2	3	2	21	10	10	3	9	4	2	12	4	0	17	6	11	11	7	3	7	9	6	0	3	3	0	7	16	14	2	0	5	1	0	4	0	0	5	8	14	0	0	3	10	12	1	2	1	2	0	4	24	0	4	6	1	12	3	14	3	13	0	6	4	4	10	0	21	2	0	11	4	0	0	3	3	1	2	6	1	11	4	10	2	1	7	12	17	0	10	1	0	11	5	1	0	1	12	11	12	1	2	15	3	1	2	22	0	13	5	4	3	0	2	2	28	36	8	3	1	7	9	2	7	12	14	2	12	2	7	3	0	1	2	1	0	24	0	15	0	7	2	0	0	0	14	6	1	4	12	13	2	0	2	0	5	4	0	6	0	8	0	4	6	21	0	1	17	1	1	0	0	4	26	2	1	3	4	1	10	3	0	4	13	3	4	10	4	7	8	4	0	3	0	2	6	21	0	8	5	0	7	5	10	7	6	9	6	4	6	16	10	5	1	3	1	1	5	2	1	2	10	0	19	1	0	5	4	2	1	3	7	4	12	9	15	6	10	4	7	0	2	3	7	15	2	1	2	14	2	6	4	20	8	10	12	15	2	4	8	5	5	2	9	5	1	6	3	4	3	3	1	3	3	1	9	2	0	8	24	5	3	0	1	0	1	2	11	15	2	3	2	1	8	14	4	6	3	4	8	4	14	12	0	5	1	7	0	7	15	14	6	0	10	5	8	9	0	0	5	5	1	4	5	5	0	3	5	2	8	2	23	0	0	1	1	9	0	10	0	6	2	15	1	23	15	18	1	0	1	2	0	3	3	3	3	7	11	2	30	0	8	3	6	4	6	5	11	2	16	0	2	5	14	1	3	6	4	2	4	1	11	0	7	12	2	23	9	7	10	7	0	7	2	2	2	6	0	0	4	4	6	11	0	7	1	0	26	0	14	9	2	2	14	6	0	3	16	1	3	4	0	3	4	2	5	3	9	3	0	1	5	8	2	1	3	1	19	2	7	1	3	4	3	8	0	17	1	3	12	4	21	11	0	8	1	0	0	2	8	3	3	0	3	1	17	4	6	6	13	0	0	3	6	1	2	6	3	1	11	15	14
1:LOH:10Mb-40Mb	10	2	15	2	5	1	0	4	2	1	4	0	18	2	0	11	7	19	1	0	1	3	1	0	5	0	3	11	0	1	2	1	9	5	1	23	3	6	9	2	15	6	14	1	3	3	1	9	0	0	0	1	1	9	0	0	3	3	0	0	16	17	0	16	16	0	13	0	8	10	0	2	0	6	1	0	14	8	15	5	4	1	0	19	1	0	18	10	9	7	14	13	9	9	2	0	5	0	0	16	12	22	1	0	2	1	1	13	0	0	0	9	3	0	0	20	16	13	2	2	1	1	0	3	11	0	2	10	0	11	14	16	12	14	0	9	0	4	14	0	8	1	0	9	12	0	2	3	13	3	4	1	0	5	1	18	7	0	1	16	14	1	10	7	2	20	3	0	0	1	16	17	25	1	0	11	1	0	0	17	0	16	1	4	6	3	1	0	22	27	14	0	0	1	5	6	6	19	15	3	7	1	21	3	0	2	0	1	0	17	0	5	0	8	1	0	0	2	6	6	0	0	14	5	7	1	1	0	5	1	0	4	0	2	0	1	9	14	0	0	11	3	9	0	0	0	20	1	6	3	8	1	3	0	0	2	3	1	1	2	1	15	9	4	0	2	0	0	0	20	1	3	1	0	7	15	2	9	15	8	3	4	13	2	6	17	0	0	2	1	2	0	2	3	11	0	15	0	0	10	2	2	2	6	2	2	18	3	19	4	6	2	3	1	2	2	7	9	1	1	9	25	2	0	12	15	13	16	16	6	3	3	6	4	13	0	2	4	0	3	7	1	1	3	6	7	1	0	4	0	0	15	18	3	10	0	0	0	0	0	7	14	0	1	4	1	5	16	1	9	1	5	18	1	18	12	0	9	4	11	0	3	9	6	5	2	14	4	4	4	0	0	19	2	0	6	4	3	1	2	2	1	9	2	20	0	0	0	1	3	1	20	0	7	1	20	0	26	10	18	1	0	0	0	0	11	1	1	1	18	19	3	14	1	4	3	2	2	12	14	13	2	24	0	10	13	20	1	1	12	5	0	4	3	7	0	8	12	1	13	13	6	17	1	5	11	1	13	0	6	0	3	5	12	10	6	1	11	0	0	38	1	5	8	2	0	17	14	0	3	15	0	2	3	0	5	1	5	2	15	9	2	1	0	11	8	1	1	1	3	23	2	19	1	2	3	3	8	0	16	0	4	18	3	16	23	0	4	2	0	0	1	7	1	1	0	0	0	15	2	4	20	13	2	0	3	3	2	2	10	0	1	13	18	3
1:LOH:>40Mb	7	0	1	0	1	1	1	2	0	0	1	0	6	1	0	0	0	5	0	1	0	2	0	0	0	0	0	5	0	1	0	0	6	1	0	2	0	1	5	1	6	9	8	0	0	2	0	6	0	0	0	3	0	7	0	1	0	7	1	0	10	7	2	7	3	1	6	1	4	8	0	0	0	7	1	1	2	9	6	5	0	1	2	4	3	0	8	4	2	0	9	3	8	1	1	0	1	0	0	10	7	6	2	0	1	0	0	8	0	0	0	7	0	0	0	8	8	10	1	0	1	0	0	1	0	0	0	7	0	6	6	3	3	3	0	8	0	0	10	0	1	2	0	9	12	0	0	2	6	8	1	0	0	6	0	3	10	1	0	5	3	0	9	8	0	8	1	0	0	0	7	7	9	0	1	7	0	0	0	6	0	7	0	0	7	0	1	0	8	2	10	2	0	0	0	1	8	3	7	1	1	1	4	0	0	2	0	0	0	5	0	2	0	7	1	0	2	0	3	1	0	0	8	0	0	1	1	0	1	0	0	0	0	3	0	0	1	1	0	0	3	0	5	0	0	1	6	0	8	0	5	0	2	0	1	2	0	1	1	0	0	7	8	9	0	1	0	1	1	2	0	2	1	0	7	10	6	10	10	1	0	6	8	2	0	7	0	0	0	0	0	0	1	4	12	0	2	0	0	8	0	0	0	0	4	0	4	1	7	0	7	1	0	0	2	0	10	12	0	1	8	8	0	3	8	9	5	5	7	2	1	2	2	0	8	1	2	0	1	1	2	0	0	0	2	1	1	0	0	0	0	10	7	1	8	0	0	0	0	2	1	8	0	2	2	0	2	11	1	2	1	1	3	0	3	9	0	0	1	2	0	1	10	1	2	0	6	0	5	0	0	0	6	2	1	1	1	2	0	1	0	0	8	1	6	1	0	0	0	0	0	2	0	5	1	9	0	7	3	15	1	0	0	0	0	9	1	0	0	10	4	1	2	1	2	0	1	1	5	5	7	0	5	0	8	7	4	1	0	7	10	0	0	1	8	0	5	8	0	1	8	3	7	1	1	4	0	6	0	1	0	1	1	9	9	0	5	5	0	0	5	1	2	6	1	0	9	3	0	0	1	0	1	0	0	0	0	6	0	10	5	0	0	0	12	1	1	0	1	1	8	0	3	1	2	0	1	4	0	10	0	0	8	1	2	10	0	1	0	0	0	0	0	0	0	0	1	0	8	2	0	4	6	0	0	0	0	0	0	6	0	1	6	12	0
2:LOH:0-100kb	0	1	1	0	0	0	0	0	0	0	0	1	0	0	0	2	0	0	0	0	0	0	0	1	0	1	0	0	1	0	0	0	1	2	1	3	0	0	0	2	0	0	0	1	1	0	1	0	2	0	0	0	0	0	0	1	0	0	1	3	1	0	0	0	0	1	1	0	0	0	0	0	0	1	0	0	2	1	0	0	0	0	0	0	0	0	1	1	0	2	1	0	0	1	1	0	0	1	1	0	3	0	3	2	0	1	0	0	0	0	0	0	1	0	0	2	1	0	2	2	1	0	0	0	3	0	0	2	0	0	0	1	0	1	0	0	0	0	0	2	1	0	0	0	0	2	0	0	0	0	0	0	0	0	1	0	0	0	0	0	0	0	0	0	0	3	2	0	2	0	0	0	1	0	1	1	0	0	0	0	2	0	1	1	0	0	0	2	7	5	0	0	0	0	0	1	0	1	0	0	0	0	1	0	0	0	0	0	0	1	0	0	0	0	0	0	0	0	0	0	1	0	3	1	0	0	0	0	0	3	0	0	0	0	0	0	0	1	0	0	0	0	0	0	0	2	2	1	0	0	1	0	1	0	0	0	0	0	0	0	0	1	0	0	0	0	1	0	0	1	4	0	0	0	0	0	4	1	0	0	0	1	1	0	0	1	0	0	0	0	1	0	0	0	0	0	1	0	1	0	1	0	0	0	0	0	0	0	1	0	1	0	0	0	0	0	1	0	1	1	0	1	0	0	1	4	1	1	1	1	0	0	0	0	0	0	0	0	0	2	0	1	0	1	0	0	0	1	0	0	1	0	1	0	0	0	0	3	0	0	0	0	0	0	0	0	0	0	0	0	1	3	1	0	1	0	2	0	0	0	0	0	0	0	1	1	1	0	0	1	0	1	1	1	0	1	1	3	0	0	0	0	0	0	1	0	1	0	0	0	0	0	1	1	0	2	0	0	1	1	1	0	0	0	0	0	0	0	0	2	2	1	0	0	1	0	1	0	3	0	1	2	1	0	0	1	1	1	0	0	0	0	0	0	1	0	1	1	1	1	1	0	0	0	0	0	0	1	0	1	0	0	0	0	0	2	0	0	0	0	4	0	1	0	0	1	3	1	0	0	0	1	0	1	0	0	1	2	0	1	0	1	1	0	1	1	0	4	1	0	2	1	0	0	0	1	0	1	1	1	0	0	0	0	0	5	0	1	0	0	1	0	0	1	0	0	0	0	1	1	2	4	3	0	1	0	0	1	0	0	0	0	0	1	1
2:LOH:100kb-1Mb	2	13	14	2	1	1	0	5	0	2	5	2	3	1	1	9	0	2	0	2	1	0	1	9	1	4	3	8	6	1	0	2	3	8	1	2	0	0	1	2	2	0	3	0	3	3	1	2	2	0	0	2	2	0	5	2	4	1	0	19	10	3	1	3	1	1	4	2	1	1	2	2	1	1	11	3	16	3	3	0	4	0	1	1	3	1	8	1	4	4	1	0	3	4	5	1	1	3	1	4	4	12	1	13	5	4	0	2	7	3	1	0	7	2	1	3	5	3	3	5	1	1	4	2	10	0	1	0	4	2	0	1	2	6	3	1	5	4	1	3	6	2	0	0	2	3	2	0	0	3	2	0	1	6	1	5	1	0	11	9	6	3	0	0	1	4	4	1	2	1	8	5	5	0	2	5	2	0	5	2	1	4	2	3	0	1	1	2	7	36	1	2	0	2	2	5	1	0	1	1	0	0	3	6	0	0	1	0	1	13	1	3	4	1	0	1	0	3	7	3	1	1	3	7	4	2	7	2	4	6	0	3	0	1	2	2	4	6	2	2	3	0	0	0	2	1	4	3	1	5	3	0	6	0	2	3	13	0	1	3	0	0	0	3	1	0	5	0	1	20	5	6	9	3	0	9	12	1	0	0	9	1	0	4	4	1	4	6	2	1	4	1	1	2	0	0	12	3	7	0	0	5	0	0	1	2	2	3	3	2	1	1	1	9	0	3	0	7	8	4	0	2	3	2	9	4	3	1	3	7	3	4	3	3	1	0	4	2	2	2	3	0	0	6	0	3	0	9	9	5	0	1	6	3	0	7	4	9	7	1	3	3	2	6	0	1	6	8	0	1	2	2	5	2	3	2	4	2	0	7	2	1	2	3	4	1	0	5	4	3	0	4	4	7	2	2	2	4	2	0	4	2	4	0	4	4	2	0	6	2	0	7	4	0	2	6	2	5	7	5	1	4	1	7	0	1	2	1	6	0	7	6	23	2	3	2	0	1	2	5	1	0	8	0	0	1	7	4	1	0	6	0	1	2	3	0	0	2	4	13	6	3	3	5	4	0	0	4	4	4	1	0	1	2	2	1	0	2	0	0	4	0	3	4	1	2	21	3	0	0	4	2	0	4	0	1	1	2	5	1	1	2	0	0	3	10	0	6	1	4	7	5	0	1	1	0	1	0	0	6	3	1	4	4	8	4	2	7	3	0	2	0	7	2	5	3	2	1	12	0	3	2	5	1	4	9	2	1	4	1	3	2	3	4	2
2:LOH:1Mb-10Mb	3	15	37	5	11	1	3	12	4	4	3	9	2	12	15	24	11	11	3	2	2	4	1	12	9	10	6	10	4	2	4	1	1	6	4	11	4	0	4	5	4	2	4	2	9	3	6	3	5	7	3	2	8	1	5	12	5	1	3	20	5	2	8	3	0	1	5	6	0	0	1	3	3	1	9	3	22	7	4	1	13	1	0	5	9	9	10	1	20	20	3	3	4	7	8	0	5	5	0	6	4	18	4	9	14	1	1	3	9	7	5	2	37	4	6	1	3	4	8	17	5	8	7	2	11	0	1	1	4	0	0	4	0	4	13	0	5	5	6	4	22	2	0	0	3	13	1	11	1	2	1	5	1	2	4	5	0	5	11	7	4	8	2	1	5	3	8	6	4	6	6	5	17	4	5	9	10	5	11	9	6	9	8	34	2	6	4	17	9	18	4	10	6	18	13	3	3	5	3	8	9	0	2	4	3	0	18	13	6	7	0	15	10	9	6	1	1	3	24	1	1	1	3	42	21	6	4	26	20	5	1	7	0	5	4	8	9	20	3	5	7	2	2	8	0	2	5	7	4	16	0	1	18	12	0	7	16	5	1	7	7	4	1	1	1	10	5	2	7	13	11	8	8	5	3	0	16	1	5	9	6	1	4	8	14	3	6	7	6	3	4	5	10	7	1	0	30	8	38	1	4	22	4	2	11	6	10	5	7	18	1	1	9	11	0	5	1	1	14	15	1	18	4	8	10	12	4	11	12	15	6	2	13	12	2	5	16	13	6	1	3	6	6	14	0	8	5	10	33	12	3	6	8	10	1	14	9	19	11	1	22	3	3	9	8	3	6	5	3	3	4	8	2	3	9	2	6	3	0	1	10	7	3	24	11	4	2	3	4	15	5	23	6	5	12	11	21	9	9	8	6	5	3	4	5	3	0	19	11	4	7	13	13	1	6	9	0	6	10	9	4	12	5	5	13	1	6	5	3	9	5	8	23	5	23	4	4	1	2	5	2	4	10	1	2	2	4	6	8	3	1	20	7	3	4	1	2	1	3	32	5	8	4	8	9	7	8	2	6	7	14	1	5	4	0	11	0	9	1	1	11	2	13	9	4	3	1	11	0	8	3	4	2	6	0	12	10	0	3	4	0	9	6	10	2	18	3	4	0	5	8	5	2	4	6	8	6	0	1	6	7	8	5	2	19	10	5	25	10	1	4	4	15	6	23	1	12	5	10	1	7	3	7	2	9	6	5	16	4	6	7	3	11	19	15
2:LOH:10Mb-40Mb	2	2	11	6	11	6	3	8	7	1	5	14	6	7	11	11	8	6	11	6	3	0	3	17	10	1	10	3	1	2	4	10	1	7	7	10	8	0	6	7	2	2	3	3	5	2	8	2	8	6	2	7	18	2	2	13	2	0	0	20	2	2	6	7	5	0	5	5	4	0	3	6	16	0	5	2	5	1	5	1	9	0	7	11	3	11	8	5	9	7	2	7	3	11	9	0	3	3	1	4	13	0	6	5	3	12	1	5	9	10	4	2	9	6	11	3	2	5	6	22	4	15	11	4	4	2	4	3	6	4	5	6	1	4	14	4	7	3	8	2	18	6	0	1	2	13	7	11	5	0	7	8	3	0	3	3	0	3	6	3	1	6	2	0	3	5	1	11	9	5	5	7	4	7	2	7	5	3	17	6	6	5	2	24	4	7	3	6	7	5	3	6	12	12	1	5	3	9	8	10	10	0	3	5	0	0	21	8	9	4	0	8	6	3	4	3	0	3	12	4	0	12	5	10	13	7	10	10	11	4	0	10	0	8	5	8	14	23	3	11	7	9	0	0	0	3	4	7	6	14	3	3	23	12	0	7	6	10	1	6	9	6	6	0	3	2	1	0	1	1	11	3	4	8	4	2	2	8	3	10	7	4	5	5	21	1	1	3	6	9	11	16	7	11	4	1	3	11	29	2	5	21	1	8	4	7	7	4	7	13	8	3	11	9	1	17	6	2	16	5	3	14	6	9	4	3	3	4	4	9	6	7	14	15	5	5	17	14	2	4	4	9	6	6	0	15	6	11	21	10	2	5	7	8	5	10	5	4	20	2	11	3	10	12	3	8	4	7	8	6	6	12	4	3	6	6	10	7	0	1	15	9	2	18	10	7	1	4	2	23	14	9	3	5	8	13	13	20	15	7	6	4	5	4	8	4	0	19	9	6	9	12	23	0	11	9	4	9	3	6	10	15	9	2	13	3	6	5	0	6	2	4	4	9	10	12	2	6	1	3	4	1	5	1	2	2	6	3	11	5	1	8	12	1	3	0	1	1	2	14	6	5	1	2	0	7	6	1	2	3	10	1	9	4	2	14	0	10	5	1	8	1	12	1	6	8	0	8	1	14	6	2	3	4	0	9	18	0	3	6	3	10	4	4	1	5	1	1	0	13	6	0	5	5	1	6	10	2	0	7	12	9	10	5	2	7	11	27	12	1	9	2	8	1	12	3	9	6	5	4	3	6	1	1	7	6	10	20	4	1	12	2	18	7	6
2:LOH:>40Mb	0	0	4	5	8	5	5	2	1	9	6	8	0	6	3	1	3	1	10	2	2	6	4	5	6	0	3	3	0	6	3	1	1	5	1	2	3	0	1	2	2	0	0	5	2	3	10	0	4	0	0	7	3	0	7	9	4	0	6	5	2	1	2	0	0	3	4	6	2	2	0	6	4	0	3	5	0	0	5	1	5	1	2	1	3	6	1	0	4	5	0	2	1	2	5	0	3	0	0	1	2	0	6	2	3	6	0	1	5	5	3	1	0	5	6	0	1	1	3	11	0	5	4	3	0	0	1	1	5	1	2	0	0	0	6	1	4	1	2	1	1	5	0	0	3	2	2	5	0	0	2	2	1	0	4	0	0	5	4	0	1	7	1	0	3	3	2	8	9	6	2	1	1	0	2	1	4	4	4	1	11	1	4	1	1	6	3	0	1	1	3	3	3	3	3	3	0	1	1	4	1	0	1	3	0	0	6	2	3	0	1	3	2	1	4	4	5	2	7	4	0	3	0	0	8	9	5	0	2	2	0	5	0	3	2	4	6	2	1	8	2	4	1	1	0	1	3	6	0	1	1	3	5	0	0	5	2	6	2	6	4	2	2	0	5	5	0	1	2	0	7	2	3	0	0	2	2	2	1	3	2	4	2	5	0	2	2	2	2	8	1	6	3	6	1	2	0	9	6	2	4	5	0	2	9	1	0	5	0	2	1	5	3	3	0	5	2	0	6	1	0	0	3	2	0	0	3	3	1	6	1	6	4	5	0	6	1	1	6	3	6	7	3	2	1	1	3	5	1	2	1	1	1	2	1	2	4	2	7	3	5	2	8	3	9	4	4	2	5	4	3	5	2	6	1	0	7	2	0	0	8	5	0	4	3	2	2	4	0	1	10	0	0	0	3	3	5	3	1	6	12	2	5	8	1	0	0	6	8	6	0	2	4	0	7	1	4	3	2	1	2	5	10	1	6	1	1	6	1	0	0	5	0	11	1	3	3	5	1	0	1	2	0	1	0	2	0	8	1	2	0	3	2	1	0	3	1	1	2	2	2	1	1	5	0	2	4	0	3	4	4	7	6	1	0	4	0	7	6	0	0	4	6	1	1	3	0	7	0	2	3	4	6	1	1	8	8	0	3	1	0	0	0	2	2	1	1	1	0	5	0	0	2	1	5	4	6	0	0	0	4	3	1	4	0	1	10	1	3	1	3	3	1	1	7	5	5	3	1	3	5	1	2	0	12	11	2	12	4	1	15	9	2	0	5
3-4:LOH:0-100kb	0	1	2	0	0	2	0	1	0	0	0	0	0	1	0	1	0	1	1	2	0	0	0	0	0	2	0	2	0	1	0	0	0	0	1	0	0	0	1	0	1	0	0	0	0	0	0	0	0	0	0	0	2	0	0	2	1	0	1	1	1	0	0	0	0	0	2	0	0	1	1	0	1	0	3	0	2	0	0	0	0	0	0	0	0	0	0	0	2	0	0	0	0	1	1	0	0	0	0	0	0	1	0	0	0	2	1	0	2	0	2	0	3	0	0	0	0	0	0	2	1	1	1	0	0	0	0	0	0	0	0	0	0	0	2	0	0	0	0	0	0	0	1	0	1	0	0	0	0	0	0	0	1	0	0	0	0	0	0	0	0	0	0	0	0	0	2	0	0	0	1	1	0	0	4	0	0	0	0	0	2	0	0	2	0	0	0	0	1	1	0	0	0	2	1	0	0	1	0	0	0	0	1	0	0	0	5	2	0	1	1	2	0	0	0	0	0	0	1	0	1	1	1	0	0	0	0	1	0	1	0	0	0	2	0	0	1	1	0	0	0	0	0	0	0	0	1	0	1	1	0	0	1	0	0	0	0	0	0	0	0	0	0	0	0	0	0	2	1	0	0	0	0	0	0	0	3	0	0	0	1	1	0	0	0	0	0	0	0	1	0	0	0	0	0	0	4	1	5	0	0	1	0	2	0	0	1	0	0	0	0	0	0	1	0	0	1	0	1	0	0	0	0	0	0	2	0	0	0	2	1	0	0	1	0	0	0	1	0	0	0	0	0	1	0	0	0	3	2	0	2	0	1	1	0	3	0	1	1	0	1	0	0	2	0	0	0	0	0	0	0	0	0	0	0	0	0	0	0	0	1	0	0	0	2	0	0	1	0	1	3	3	0	3	0	0	1	0	0	0	0	0	0	0	0	0	0	1	0	0	0	0	1	0	3	1	0	0	0	0	0	0	0	1	3	0	0	0	0	0	1	1	2	0	0	0	1	0	0	0	0	0	0	0	1	0	0	1	0	0	0	0	0	0	0	0	0	0	0	1	0	0	0	1	0	0	0	1	1	3	0	0	0	0	0	1	0	0	0	0	0	0	0	0	0	0	1	3	0	0	0	0	0	0	0	0	1	0	1	0	0	0	1	0	0	0	0	1	0	0	0	0	0	0	0	0	0	0	1	0	0	0	0	0	1	0	1	4	0	0	0	1	0	0	1	0	0	2	0	0	1	2	0	0	0	0	1	1	0	0	0	0	0	1	1
3-4:LOH:100kb-1Mb	0	5	10	0	2	1	4	2	4	0	2	3	1	5	1	5	0	1	2	1	1	0	0	4	3	5	3	10	2	1	1	2	0	6	0	1	1	0	0	3	0	0	1	2	5	3	1	0	0	12	1	2	11	0	0	15	1	0	3	11	0	0	3	0	0	3	2	3	0	1	0	1	1	0	6	2	4	0	3	0	3	1	1	1	2	2	4	0	3	2	0	0	0	4	1	0	0	4	0	0	7	1	2	1	0	4	0	0	4	0	2	0	8	2	0	0	0	0	3	3	5	1	1	0	2	1	1	0	2	0	0	1	0	1	5	0	7	9	2	10	2	4	2	0	0	0	1	1	0	0	0	1	9	1	2	3	0	0	5	1	3	2	0	0	4	0	8	1	2	2	2	5	0	1	5	3	3	3	2	2	3	0	6	16	1	1	2	8	2	10	0	3	0	5	2	4	0	0	1	0	1	0	0	2	0	0	12	0	1	1	3	5	5	0	0	1	0	3	21	0	6	0	2	13	4	0	4	12	19	9	0	1	0	0	3	0	11	5	3	0	2	1	0	1	0	4	1	1	1	8	1	2	10	8	0	2	5	0	0	7	1	1	0	0	1	0	6	1	4	7	3	5	5	6	1	0	6	0	1	1	3	2	0	1	7	2	4	3	4	0	2	2	1	1	0	0	10	4	35	0	0	2	0	0	0	8	1	4	0	6	0	0	1	0	0	8	0	2	8	3	0	1	1	5	0	4	2	3	1	7	3	1	8	2	1	2	1	2	0	3	3	2	0	6	0	7	1	4	19	1	1	0	5	9	0	8	5	3	6	0	6	1	5	0	7	1	8	2	0	2	4	1	0	3	1	0	1	0	0	1	6	1	0	7	0	5	2	1	4	12	4	13	1	3	9	4	4	1	0	1	2	3	0	0	3	0	9	5	5	3	2	2	10	0	2	1	1	2	0	1	1	2	4	0	0	0	4	2	4	1	0	3	6	3	2	0	0	1	0	0	0	0	1	2	0	0	0	5	5	0	0	9	7	1	3	1	1	1	2	13	3	0	0	2	0	0	0	1	0	2	5	1	8	1	0	0	0	3	0	0	4	0	3	1	1	2	2	8	2	1	1	4	0	1	0	2	4	0	1	1	1	7	2	4	1	7	0	3	0	0	2	0	0	2	1	0	2	1	1	5	3	0	3	7	6	1	4	16	5	0	2	2	2	1	4	0	1	6	3	1	2	0	1	0	1	13	2	4	2	0	3	1	6	0	4
3-4:LOH:1Mb-10Mb	0	3	31	4	13	1	15	2	3	3	1	6	0	9	8	11	4	6	1	2	2	3	2	2	4	8	0	2	3	4	1	3	1	3	4	6	5	0	1	6	1	0	0	2	4	0	0	0	4	16	9	2	11	1	1	3	2	0	2	11	1	0	6	4	0	8	1	1	0	1	2	6	1	0	6	1	5	1	5	0	9	0	8	5	6	8	5	1	21	10	1	3	0	5	3	0	1	3	8	3	3	0	1	0	3	2	2	0	2	3	6	0	26	3	0	0	2	2	6	17	5	3	2	2	6	11	7	1	5	1	2	1	0	2	16	1	1	14	3	21	12	3	5	0	2	9	5	15	1	0	1	2	10	0	6	3	0	5	15	1	0	2	0	1	6	3	25	4	3	12	2	1	6	9	29	5	1	6	10	1	0	3	10	27	0	6	1	8	3	4	0	5	7	9	7	3	0	1	2	8	8	0	1	10	0	0	12	12	10	7	3	15	12	0	2	3	0	5	20	2	20	4	0	33	15	0	3	22	14	20	0	8	3	5	4	2	14	37	2	7	0	11	0	0	0	10	5	3	0	17	0	1	8	14	15	9	12	8	1	5	8	1	0	0	0	5	8	3	20	0	5	4	8	16	0	0	8	0	0	8	8	0	0	7	25	0	6	6	6	0	5	4	1	3	0	0	3	3	26	1	2	9	0	0	8	11	2	4	5	14	1	0	7	1	0	10	0	0	10	5	0	2	2	5	6	4	1	2	2	11	6	1	19	10	0	2	19	13	1	0	1	1	5	8	0	10	6	4	32	4	14	0	2	4	0	6	4	13	10	2	8	4	0	5	2	3	2	2	2	5	7	3	3	2	2	2	1	0	0	0	6	2	1	30	12	3	2	2	1	29	5	12	3	16	1	7	23	6	6	2	7	1	0	2	4	5	7	8	7	11	7	3	22	0	9	2	3	2	2	4	3	1	5	5	3	1	14	1	3	5	3	15	8	4	13	7	4	1	0	2	1	0	3	4	0	0	2	6	7	4	1	16	4	4	2	0	0	0	7	24	1	2	0	4	0	3	8	0	0	6	3	1	3	3	0	10	0	10	0	2	10	5	2	0	13	4	0	3	2	6	0	2	0	8	0	7	8	0	8	1	0	23	13	12	0	31	2	7	0	2	1	0	1	5	2	9	1	0	4	1	3	4	0	0	6	3	1	23	14	7	2	0	11	6	8	2	10	15	5	2	3	2	0	0	0	15	4	9	4	0	5	1	9	3	5
3-4:LOH:10Mb-40Mb	2	1	7	2	0	3	9	4	3	1	2	11	1	8	7	7	8	4	6	2	1	0	0	6	7	10	2	1	4	1	1	2	1	7	3	1	3	0	2	5	0	0	0	4	2	0	7	1	0	4	8	0	7	0	1	2	3	0	5	5	1	2	4	2	3	5	0	0	0	0	2	5	2	0	3	0	1	0	0	1	3	0	6	7	2	2	0	0	15	8	0	2	0	2	2	0	1	1	4	1	3	0	2	1	0	2	3	0	6	2	4	0	0	1	3	0	0	1	2	9	7	6	1	1	0	6	1	2	5	2	0	1	0	1	17	1	2	3	0	23	11	4	11	0	1	6	5	10	0	0	0	2	10	0	1	2	0	6	4	0	0	5	0	0	3	1	8	1	5	2	2	0	1	2	15	5	2	1	3	1	2	3	8	0	0	4	0	0	2	0	4	5	3	8	0	2	2	1	2	6	6	0	3	5	0	0	5	10	4	1	4	5	14	0	0	5	0	3	7	2	14	4	2	4	13	1	2	1	1	9	0	4	12	2	5	5	6	10	5	3	5	3	0	2	0	4	2	5	0	5	0	1	9	0	8	2	3	5	1	1	12	1	0	0	2	4	8	6	1	0	6	1	2	11	0	2	1	0	0	10	3	0	0	3	13	0	6	2	1	2	11	5	5	3	0	0	0	2	1	0	4	5	0	3	8	3	1	0	2	8	1	0	10	4	1	6	1	0	9	4	0	3	2	1	5	1	0	4	1	6	8	5	9	9	1	2	9	14	1	1	0	1	2	1	0	3	6	2	0	2	12	1	2	3	0	4	1	7	6	1	11	1	1	3	0	3	1	1	5	7	6	5	2	3	3	0	2	0	0	0	1	3	1	10	8	2	0	0	0	14	2	5	1	12	2	8	6	10	4	3	4	2	1	2	0	6	4	10	10	8	6	0	0	0	1	0	5	1	0	1	6	8	3	0	4	0	2	1	2	1	2	2	0	0	8	8	1	2	1	2	1	1	3	2	1	0	3	3	3	1	0	2	6	4	0	0	1	0	6	6	1	0	0	3	0	6	7	0	1	1	4	3	0	0	0	4	0	4	2	3	3	7	5	0	13	1	0	1	12	9	3	5	0	1	0	8	5	0	10	0	0	18	8	5	1	21	4	3	0	6	4	0	1	4	0	3	4	0	13	4	5	6	0	2	0	2	3	13	3	9	3	0	5	2	0	2	8	8	0	2	4	1	1	0	1	3	7	3	0	0	5	2	2	0	2
3-4:LOH:>40Mb	0	0	1	1	1	1	0	4	2	0	1	1	0	0	0	0	1	0	2	3	2	1	0	3	0	5	2	0	2	0	0	0	0	1	2	0	1	0	0	3	0	0	0	5	3	0	1	0	0	2	2	1	0	0	0	1	0	0	3	2	0	1	3	0	0	5	1	0	0	0	5	1	1	0	1	0	0	1	0	0	1	0	3	0	3	2	0	1	1	1	0	1	0	1	0	0	0	1	10	0	0	0	0	1	2	1	1	0	1	1	0	0	0	0	2	0	0	0	1	3	1	0	1	1	0	1	0	0	2	0	0	0	0	1	0	0	0	2	0	6	1	2	9	0	0	1	2	1	0	0	1	1	1	0	0	0	0	1	1	0	0	0	0	0	1	0	1	0	2	1	0	0	0	2	1	0	2	2	0	0	0	0	1	0	0	2	1	0	0	0	0	2	1	0	0	4	0	0	0	0	1	0	0	1	0	0	0	5	4	0	4	1	4	0	4	0	0	5	0	0	4	1	0	0	0	0	0	0	1	3	0	1	7	5	0	0	1	0	5	1	0	1	0	3	0	3	0	0	0	1	0	2	1	0	2	3	1	2	1	1	0	0	0	0	2	2	5	3	6	0	4	0	2	6	0	1	1	0	0	2	0	0	0	1	3	0	1	1	0	0	3	0	3	2	0	0	0	1	0	0	2	0	0	1	2	2	0	1	0	0	0	0	2	0	0	1	0	0	4	1	0	0	1	1	0	0	0	0	0	0	0	3	1	0	0	3	0	2	0	1	0	1	1	1	0	2	3	1	0	1	0	0	0	0	0	0	4	1	1	4	1	0	0	0	0	0	0	0	2	1	1	2	1	1	0	0	1	0	0	0	0	0	1	3	1	0	0	1	0	1	1	0	0	5	0	1	1	2	4	1	0	2	0	1	0	8	9	2	1	1	1	0	0	0	0	0	5	0	0	0	2	0	0	0	1	0	1	1	0	0	0	5	0	1	1	1	0	1	0	0	0	0	1	3	0	0	0	0	3	1	0	1	0	0	0	1	0	0	4	0	0	0	0	0	0	0	6	0	0	0	0	5	0	0	0	0	0	0	0	6	0	1	1	0	1	1	0	0	6	0	0	1	1	0	0	0	0	0	6	0	0	2	4	4	0	1	7	4	0	2	0	0	1	6	1	1	0	1	10	0	1	0	0	0	0	0	0	1	3	10	1	1	1	3	0	1	1	1	0	5	0	0	0	0	2	0	3	0	1	0	0	0	1	0	2
5-8:LOH:0-100kb	0	1	1	0	0	0	0	2	0	0	0	0	0	0	0	0	0	0	0	0	0	0	0	0	1	1	0	0	0	0	0	1	1	0	1	2	0	0	0	0	0	0	0	0	0	0	0	0	0	0	1	0	2	0	0	2	0	0	0	1	0	0	3	0	0	0	0	0	0	0	0	0	0	0	1	1	0	0	0	0	0	0	0	0	1	0	0	0	0	0	0	0	0	0	0	0	0	3	2	0	0	0	1	0	0	0	0	0	1	0	0	0	4	0	0	0	0	0	1	1	2	0	0	0	0	0	0	0	0	0	0	0	0	0	0	0	2	0	0	0	2	0	1	0	0	0	0	0	0	0	0	0	1	0	0	0	0	0	0	0	0	0	0	0	1	0	0	0	0	0	1	0	0	0	1	0	0	0	1	0	1	0	1	1	0	0	0	0	0	0	0	1	0	0	0	0	0	0	0	0	0	0	1	1	0	0	3	0	0	0	1	1	0	0	0	1	0	0	0	0	1	0	0	2	0	0	1	1	0	0	0	0	0	1	0	0	0	0	0	0	0	0	0	0	0	0	0	0	0	1	0	0	1	0	0	0	1	0	2	0	0	0	0	0	0	0	1	0	2	0	1	0	0	0	0	0	0	0	0	0	0	0	0	0	0	0	0	1	0	0	0	0	0	1	0	0	0	0	1	0	1	1	0	0	0	0	0	0	0	0	0	0	0	0	0	0	0	0	0	0	0	0	0	1	1	0	0	0	0	2	0	0	0	0	0	0	0	1	0	0	0	0	0	0	0	0	0	0	1	0	2	0	0	0	0	5	0	1	0	0	0	0	0	1	3	0	0	0	0	0	0	0	0	0	0	0	0	0	0	0	0	0	0	1	0	0	0	1	0	0	0	2	0	0	0	0	1	1	0	0	1	0	0	0	0	1	0	0	0	0	0	0	2	0	0	0	0	0	0	0	0	2	0	0	1	0	0	0	0	0	0	0	0	0	1	0	1	0	0	0	0	1	0	0	0	0	0	0	1	1	0	1	0	0	0	0	0	0	0	0	0	0	0	0	0	0	1	0	0	1	0	0	0	0	0	0	0	0	0	3	0	0	0	0	0	0	0	0	0	0	0	0	0	1	0	0	2	0	0	0	0	0	1	2	0	1	0	0	0	0	0	0	0	0	0	0	0	0	4	0	1	1	0	0	0	2	0	1	0	0	0	0	0	0	1	0	1	1	0	1	0	0	1	1	0	0	0	0	0	0	1	0	0	0	0
5-8:LOH:100kb-1Mb	0	0	0	0	1	1	1	2	0	0	0	1	0	0	10	1	0	0	1	0	0	0	0	0	0	5	0	0	3	0	0	1	0	1	2	1	0	0	0	2	0	0	0	0	1	0	0	0	0	5	2	0	7	0	0	2	2	0	2	4	0	0	2	0	0	0	0	0	0	0	1	1	0	0	0	1	1	0	0	0	0	0	0	0	0	1	0	0	1	0	0	1	0	1	2	0	2	1	2	0	1	0	0	0	0	2	2	0	4	0	0	0	5	2	0	0	0	0	0	4	3	1	1	0	0	0	0	0	2	0	0	0	0	0	6	0	0	3	1	12	0	0	3	0	0	0	0	0	0	0	0	1	15	0	0	0	0	2	4	0	0	0	0	0	3	0	3	2	0	2	0	0	0	0	8	0	0	0	0	0	1	0	7	5	0	0	1	6	0	1	0	3	1	1	3	0	0	2	0	0	1	0	0	2	0	0	3	0	0	3	3	2	2	0	0	1	0	0	5	0	2	0	0	3	1	0	1	6	2	5	0	0	0	1	3	0	3	4	0	0	0	3	0	1	0	1	0	0	0	3	0	0	3	1	0	0	5	0	0	2	0	0	0	0	0	0	8	1	3	0	8	0	7	9	0	0	5	0	0	3	2	0	0	0	1	0	0	1	2	0	0	0	1	0	0	0	1	1	8	0	0	1	0	0	1	3	0	4	0	1	0	0	1	1	0	2	0	0	4	0	0	0	0	3	1	0	0	0	0	12	1	0	1	1	0	0	2	0	0	2	0	0	1	1	0	5	0	8	1	0	0	0	0	1	0	6	0	5	4	0	2	0	0	0	1	0	0	0	0	0	5	0	1	2	0	0	1	0	0	0	2	0	1	2	0	1	0	0	1	3	0	5	0	2	1	1	1	1	0	0	3	1	1	1	1	1	2	2	6	2	0	1	0	0	0	0	2	0	0	0	0	0	1	2	3	0	0	0	1	0	0	0	1	0	0	0	1	0	0	0	0	0	0	0	0	0	0	1	9	1	0	2	0	0	0	0	0	0	0	2	0	4	0	1	0	0	1	0	0	2	2	0	1	0	0	2	0	0	0	1	0	4	1	0	0	1	2	0	0	0	0	1	0	3	0	0	0	0	4	0	0	0	1	1	0	7	0	2	0	1	0	0	0	1	0	2	0	0	2	0	0	0	0	0	1	1	0	4	3	0	0	1	1	1	1	0	1	2	0	0	0	0	0	0	0	5	0	0	1	0	0	1	0	0	1
5-8:LOH:1Mb-10Mb	0	1	5	1	7	0	4	5	1	0	1	1	0	2	4	3	0	1	0	1	0	0	0	2	0	10	0	1	3	0	0	0	0	0	3	0	1	0	0	0	0	0	0	0	1	0	0	0	0	18	5	0	4	0	0	0	0	0	1	2	0	0	1	0	0	1	0	0	0	0	0	0	0	0	0	1	3	1	0	0	4	0	7	0	0	3	0	0	2	1	0	0	0	3	4	0	1	1	2	0	0	0	1	0	0	0	3	0	1	0	0	0	5	0	0	0	0	0	0	3	3	0	0	0	0	9	5	0	2	0	0	0	0	0	4	0	0	7	0	8	5	0	2	0	0	3	0	3	0	0	0	1	7	0	2	0	0	1	4	0	0	0	0	0	1	0	13	0	4	5	0	0	0	6	9	0	1	0	1	1	0	1	6	10	0	0	2	3	0	0	0	1	2	2	4	1	0	0	0	7	1	0	0	2	0	0	6	5	2	1	2	5	23	0	0	3	0	2	5	1	7	3	0	5	3	0	1	5	2	12	0	0	4	1	2	0	3	5	1	0	0	5	0	1	0	4	0	0	0	15	0	0	3	1	11	4	8	2	5	1	1	0	0	0	0	0	5	2	3	0	7	5	4	12	0	0	6	0	0	1	2	0	0	0	4	0	1	2	1	0	1	0	0	0	0	0	1	1	5	0	0	0	0	0	1	5	0	2	0	0	0	0	2	0	0	4	0	0	1	1	0	0	0	2	1	1	0	0	0	1	10	0	4	4	0	0	1	4	0	2	0	0	2	1	0	5	1	0	0	1	6	0	0	1	0	4	5	15	2	1	3	0	0	0	0	2	0	0	0	4	2	0	1	2	0	0	0	1	0	0	1	0	0	2	0	0	0	0	0	5	0	8	0	12	0	1	9	4	5	0	3	0	0	1	0	5	1	4	5	5	5	0	2	0	0	1	2	0	0	0	0	0	1	2	3	0	4	0	1	1	2	5	1	0	8	4	2	0	0	0	0	0	0	1	0	0	0	0	1	0	0	6	1	1	0	0	0	0	0	2	0	3	0	1	1	0	7	0	0	1	0	2	0	0	0	1	0	1	0	2	0	0	2	0	1	1	0	7	1	1	1	0	0	4	0	0	1	0	11	0	0	10	7	4	0	23	1	6	0	1	1	0	0	1	0	0	0	0	4	0	2	0	0	0	0	0	0	3	8	1	0	0	2	3	1	0	2	16	1	0	0	0	0	0	0	7	3	4	2	0	1	0	2	0	2
5-8:LOH:10Mb-40Mb	0	0	1	0	0	0	1	0	0	0	0	1	0	0	0	0	0	0	1	0	0	0	0	1	1	2	0	0	0	0	0	0	0	0	3	0	0	0	0	0	0	0	0	0	0	0	1	0	0	3	8	0	1	0	0	1	0	0	4	1	0	0	3	0	0	0	0	0	0	0	0	0	0	0	0	0	0	1	0	0	0	0	3	0	0	0	0	0	0	0	0	0	0	0	0	1	0	0	0	0	0	0	0	0	0	0	1	0	3	2	0	0	0	1	1	0	0	0	1	5	0	0	0	0	0	0	0	0	0	0	0	0	0	0	1	0	0	0	0	6	0	0	5	0	0	3	2	1	1	0	0	3	3	0	0	0	0	1	0	0	0	0	0	0	0	0	1	0	1	0	0	0	0	1	4	0	0	0	0	0	0	0	1	0	0	0	0	1	1	0	0	0	0	1	0	0	0	0	0	0	1	0	0	2	0	0	2	2	2	0	0	0	6	0	1	2	0	0	0	0	3	1	0	0	0	0	0	0	0	3	0	1	0	0	0	0	3	1	2	1	0	3	0	0	0	0	0	0	0	0	0	1	2	0	3	1	0	1	0	0	1	1	0	0	0	0	2	0	1	0	2	0	0	10	0	0	0	0	0	0	0	0	0	0	3	0	0	1	0	2	0	1	0	0	0	0	0	0	0	0	1	1	0	0	0	4	0	0	0	0	0	0	2	0	0	2	0	0	2	0	0	0	1	0	0	0	0	0	0	0	8	0	2	1	0	0	0	2	0	0	0	0	4	1	0	1	0	1	0	0	1	0	0	0	0	0	1	7	0	0	0	0	0	0	0	1	0	0	3	2	1	0	0	1	0	0	0	0	0	0	2	0	0	0	0	0	0	0	0	0	2	0	0	4	0	0	0	1	1	0	0	2	0	0	0	6	1	1	2	1	3	0	0	0	2	1	0	1	0	0	0	0	1	1	0	0	0	0	2	0	0	1	0	0	0	5	0	0	0	1	0	0	0	0	0	0	0	0	0	0	0	0	2	0	0	0	0	0	0	0	0	0	0	0	0	0	0	0	0	0	0	1	0	1	0	0	0	0	0	4	0	0	0	0	1	0	0	0	2	1	0	0	0	0	0	2	2	0	1	0	0	5	3	0	0	4	3	0	0	0	1	0	0	1	0	0	0	0	5	1	0	0	0	0	0	0	1	3	0	1	0	0	0	0	0	0	3	1	0	0	0	0	0	0	1	2	0	6	0	0	0	0	0	0	0
5-8:LOH:>40Mb	0	0	0	0	0	0	1	0	0	0	0	1	0	0	0	0	0	0	0	0	0	0	0	1	0	0	0	0	0	0	0	0	0	0	2	0	0	0	0	0	0	0	0	0	0	0	0	0	0	1	2	0	0	0	0	0	0	0	1	0	0	0	0	0	0	0	0	0	0	0	0	0	0	0	0	0	0	0	0	0	0	0	0	0	2	0	0	0	0	0	0	0	0	0	0	0	0	0	0	0	0	0	0	0	0	0	2	0	0	1	0	0	0	0	0	0	0	0	0	0	0	0	0	0	0	0	0	0	0	0	0	0	0	0	0	0	0	0	0	0	0	0	0	0	0	0	0	0	0	0	0	0	0	0	0	0	0	2	0	0	0	0	0	0	0	0	0	1	0	0	0	0	0	0	0	0	0	0	0	0	0	0	0	0	0	0	0	0	0	0	0	0	0	0	0	0	0	0	0	0	0	0	0	0	0	0	0	0	0	0	0	0	1	0	0	0	0	3	0	0	1	0	0	0	0	0	0	0	0	0	0	0	4	0	0	1	0	0	0	1	0	0	0	0	0	0	0	0	0	0	0	0	0	0	0	0	0	0	0	0	0	0	0	0	0	0	0	0	0	0	0	0	0	3	0	0	0	0	0	0	0	0	0	0	0	0	0	0	0	0	0	0	0	0	0	0	0	0	0	0	0	0	0	0	0	0	0	0	0	0	0	0	0	0	0	0	0	0	0	0	0	0	0	0	0	0	0	0	0	0	1	0	0	0	0	0	0	0	0	0	0	0	0	0	0	0	0	0	0	0	1	0	0	0	0	0	0	0	0	0	0	0	0	0	0	0	0	0	0	0	0	0	0	0	0	0	0	0	0	0	0	0	0	0	0	0	0	0	0	0	0	0	0	3	0	0	0	0	0	0	0	0	0	0	0	1	0	0	0	0	0	0	0	0	0	0	1	0	0	0	0	0	0	0	0	0	0	0	0	0	0	0	0	0	0	0	0	0	0	0	0	0	0	0	0	0	0	1	0	0	0	0	0	0	0	0	0	0	0	0	0	0	0	0	0	0	0	0	0	0	0	0	0	0	0	0	0	0	0	1	0	0	0	0	0	0	0	0	1	0	0	0	0	0	0	0	0	0	0	0	0	0	0	1	0	0	0	0	0	1	0	0	0	1	0	0	0	0	4	0	0	0	0	0	0	0	1	0	0	0	0	0	0	0	0	0	0	0	0	1	0	0	0	0	0	0	0	0	0	0	1	0	0	0	0
9+:LOH:0-100kb	0	0	0	0	0	0	0	2	0	0	0	0	0	0	0	0	0	0	0	0	0	0	0	0	0	0	0	0	0	1	0	0	0	0	0	0	0	0	0	1	0	0	0	0	1	0	0	0	0	0	0	0	0	0	0	0	1	0	0	0	0	0	0	0	0	0	0	0	0	0	0	0	0	0	0	0	0	0	0	0	0	0	0	0	1	0	0	0	0	0	0	0	0	0	0	0	0	1	0	0	0	0	0	0	0	0	0	0	0	0	0	0	0	0	0	0	0	0	0	0	0	0	0	0	0	0	0	0	0	0	0	0	0	0	0	0	0	0	0	1	0	0	0	0	0	0	0	0	0	0	0	0	0	0	0	0	0	0	2	0	0	0	0	0	0	0	0	0	0	0	0	0	0	0	0	0	0	0	0	0	1	0	0	1	0	0	0	0	0	0	0	0	0	0	0	0	0	0	0	0	0	0	0	1	0	0	0	0	0	0	2	0	1	0	0	0	0	0	0	0	0	0	0	0	1	0	0	0	0	3	0	0	0	0	0	0	0	0	0	0	0	0	0	0	0	0	0	0	0	0	0	0	0	0	0	0	0	1	0	0	0	0	0	0	0	0	0	0	2	0	0	0	0	0	0	0	0	0	0	0	0	0	0	0	0	0	0	1	0	0	0	1	0	0	0	0	0	0	0	0	0	0	0	0	0	0	0	0	0	0	0	0	0	0	0	0	0	0	0	1	0	0	0	0	0	0	0	0	0	1	1	0	0	0	0	0	0	0	0	0	0	0	0	0	0	0	0	0	0	0	1	0	0	0	0	0	0	1	0	0	0	0	0	0	0	0	0	0	0	0	0	0	0	0	0	0	0	0	0	0	0	0	0	0	0	1	0	0	0	0	0	0	0	0	0	1	0	0	0	0	0	0	0	0	0	0	0	0	0	0	0	0	0	0	1	0	0	0	0	0	0	0	0	0	0	0	0	0	0	0	0	0	0	0	0	0	0	0	0	0	0	0	0	0	0	0	0	0	0	0	0	0	0	0	0	0	0	0	0	0	0	0	0	0	0	0	0	0	0	0	0	0	0	0	0	0	0	0	0	1	0	0	1	0	0	0	0	0	0	0	0	0	0	2	0	0	0	0	0	0	0	0	0	0	0	1	0	2	0	0	0	0	0	0	0	0	0	0	3	0	1	0	0	0	0	0	1	0	0	0	0	0	0	0	1	0	0	1	0	0	0	0	0	0	0	0	0	0	0	0	0	0	0	0	0
9+:LOH:100kb-1Mb	0	0	0	0	0	1	1	3	0	0	0	0	0	0	0	1	0	0	0	5	0	0	0	0	0	1	1	0	5	3	0	0	0	0	1	0	0	0	0	0	0	0	0	0	0	0	0	0	0	0	3	0	0	0	0	1	0	0	1	0	0	0	0	0	0	0	3	0	0	0	0	0	0	0	1	0	1	0	0	0	1	0	0	0	1	0	0	0	0	0	0	0	0	1	2	0	1	1	0	1	1	0	0	0	0	1	0	0	0	0	0	0	0	1	0	0	0	0	0	0	1	0	0	0	0	0	0	0	1	0	0	0	0	0	0	0	0	1	0	1	0	0	0	0	0	0	0	0	0	0	0	0	3	0	0	0	0	0	4	0	0	0	0	0	1	0	2	0	0	1	0	0	0	0	1	0	0	0	0	0	0	0	4	0	0	0	3	2	0	0	0	0	0	0	5	0	0	0	0	0	0	0	0	1	0	0	1	0	0	0	2	0	3	0	0	1	0	1	0	0	1	0	0	0	0	0	0	1	0	0	0	0	0	0	2	0	0	1	1	0	0	0	0	0	0	0	0	0	0	0	0	0	1	0	0	0	1	0	1	0	0	0	0	0	0	0	3	0	3	0	0	1	1	3	0	0	1	0	0	0	0	0	0	0	0	0	2	0	0	0	2	0	0	0	0	0	0	0	3	0	0	0	0	0	0	0	0	0	0	0	0	0	0	0	0	1	0	0	0	0	0	0	0	0	0	0	0	0	0	11	2	0	0	0	0	0	0	0	0	0	1	0	0	0	0	0	0	0	0	0	2	0	0	0	0	1	1	7	0	0	1	0	0	0	0	0	0	0	0	0	0	0	0	0	0	0	0	0	0	0	0	3	0	1	0	0	0	0	1	0	0	2	0	1	0	0	1	0	0	0	0	0	0	0	0	0	0	0	0	1	0	0	0	0	0	0	0	0	0	0	0	0	0	0	0	0	0	0	1	0	0	0	1	0	0	0	0	0	0	0	0	0	0	1	0	0	0	1	0	0	0	0	0	0	0	0	0	0	0	0	0	2	0	1	0	0	0	0	1	0	0	0	0	0	0	1	0	0	0	1	0	0	1	0	0	0	0	1	0	0	0	0	0	2	0	0	0	0	2	0	0	0	1	1	1	1	0	0	0	0	0	0	0	0	0	0	0	0	2	0	0	0	0	0	1	0	0	0	0	0	0	1	0	1	2	0	0	2	0	0	0	0	0	0	0	1	0	0	0	0	0	0	0	0	1
9+:LOH:1Mb-10Mb	0	0	0	0	0	0	0	2	0	0	0	0	0	0	0	0	0	0	0	0	0	0	0	0	0	1	0	0	1	1	0	0	0	0	0	0	0	0	0	0	0	0	0	0	0	0	0	0	0	0	11	0	0	0	0	0	0	0	1	0	0	0	0	0	0	0	1	1	0	0	0	0	0	0	1	0	0	0	0	0	0	0	0	0	0	0	0	0	0	0	0	0	0	0	0	0	0	0	0	0	0	0	0	0	0	0	4	0	0	0	0	0	0	0	0	0	0	0	0	0	3	0	0	0	0	0	1	0	1	0	0	0	0	0	0	0	2	1	0	1	0	0	0	1	0	0	0	0	0	0	0	0	0	0	0	0	0	0	3	0	0	0	0	0	0	0	1	0	0	0	0	0	0	1	1	0	0	0	0	0	0	0	8	0	0	0	0	0	0	0	0	1	0	0	4	0	0	0	0	0	0	0	0	0	0	0	0	0	0	0	1	4	1	0	0	1	0	4	0	1	0	0	0	0	0	0	0	0	0	0	0	0	0	0	0	0	0	1	0	0	0	0	0	2	0	1	0	0	0	1	0	0	1	0	0	0	9	0	1	0	0	0	0	0	0	0	0	0	3	0	3	0	2	1	0	0	0	0	0	0	1	0	0	0	0	0	2	0	0	0	0	0	0	0	0	0	0	0	0	0	0	0	0	0	0	0	0	0	0	0	0	0	0	0	0	0	0	0	0	0	0	0	0	0	0	0	0	0	0	5	5	0	0	0	0	0	0	1	0	0	0	0	0	2	0	1	0	0	0	0	4	0	0	0	0	0	0	1	0	0	0	0	0	0	0	0	0	0	0	0	0	0	0	0	0	0	0	1	0	0	0	0	0	0	0	0	0	0	0	0	1	1	0	1	0	0	2	0	0	0	1	0	0	0	0	0	0	0	0	1	0	0	0	0	0	0	0	0	0	0	0	0	0	0	0	0	0	0	0	0	0	0	0	0	1	1	0	0	0	0	0	0	0	0	0	0	0	3	0	0	0	0	0	0	0	0	0	0	0	0	0	1	0	0	0	0	1	0	1	0	0	0	0	0	0	0	0	0	0	4	0	0	2	0	0	0	0	1	0	0	0	0	0	0	0	0	1	0	2	0	0	0	1	1	0	2	0	0	0	0	0	0	0	0	0	0	0	0	0	0	0	0	0	0	0	0	0	0	1	0	0	0	1	0	0	0	0	3	0	0	0	0	0	0	0	3	0	0	2	0	0	0	0	0	1
9+:LOH:10Mb-40Mb	0	0	0	0	0	0	0	0	0	0	0	0	0	0	0	0	0	0	1	0	0	0	0	0	0	0	0	0	0	0	0	0	0	0	1	0	0	0	0	0	0	0	0	0	0	0	0	0	0	0	2	0	0	0	0	0	0	0	0	0	0	0	0	0	0	0	0	0	0	0	0	0	0	0	0	0	0	0	0	0	0	0	0	0	0	0	0	0	0	0	0	0	0	0	0	0	0	0	1	0	0	0	0	0	0	0	0	0	0	0	0	0	0	0	0	0	0	0	0	0	0	0	0	0	0	0	0	0	0	0	0	0	0	0	0	0	0	0	0	0	0	0	0	0	0	0	0	0	0	0	0	0	0	0	0	0	0	0	0	0	0	0	0	0	0	0	0	0	0	0	0	0	0	0	0	0	0	0	0	0	0	0	1	0	0	0	0	0	0	0	0	0	0	0	0	0	0	0	0	0	0	0	0	0	0	0	0	0	0	0	0	0	0	0	0	0	0	0	0	0	0	0	0	0	0	0	0	0	0	0	0	0	0	0	0	0	1	0	0	0	0	0	0	0	0	0	0	0	0	0	0	0	0	0	0	0	0	0	0	0	0	0	0	0	0	0	0	0	0	0	1	0	0	0	0	0	0	0	0	0	0	0	0	0	0	0	0	0	0	0	0	0	0	0	0	0	0	0	0	0	0	0	0	0	0	0	0	0	0	0	0	0	0	0	0	0	0	0	0	0	0	0	0	0	0	0	0	0	0	0	0	0	0	0	0	0	0	0	0	0	0	0	0	0	0	0	0	0	0	0	0	0	0	0	0	0	0	0	0	0	0	0	0	0	0	0	0	0	0	0	0	0	0	0	0	0	0	0	0	0	0	0	0	0	0	0	0	0	0	0	0	0	0	0	0	0	0	0	0	0	0	0	0	0	0	0	0	0	0	0	0	0	0	0	0	0	0	0	0	0	0	0	0	0	0	0	0	0	0	0	0	0	0	0	0	0	0	0	0	0	0	0	0	0	0	0	0	0	0	0	0	0	0	0	0	0	0	0	0	0	0	0	0	0	0	0	0	0	0	0	0	0	0	0	0	0	0	0	0	0	0	0	0	0	0	0	0	0	0	0	0	0	0	0	0	0	0	0	0	0	0	0	0	0	0	0	0	0	0	0	0	0	0	0	0	0	0	0	0	0	0	0	0	0	0	0	0	0	0	0	0	0	0	0	0	0	0	0	0	0	0	0	0	0	0	0	0	0	0	0	0	0	0	0	0
9+:LOH:>40Mb	0	0	0	0	0	0	0	0	0	0	0	0	0	0	0	0	0	0	0	0	0	0	0	0	0	0	0	0	0	0	0	0	0	0	0	0	0	0	0	0	0	0	0	0	0	0	0	0	0	0	0	0	0	0	0	0	0	0	0	0	0	0	0	0	0	0	0	0	0	0	0	0	0	0	0	0	0	0	0	0	0	0	0	0	0	0	0	0	0	0	0	0	0	0	0	0	0	0	0	0	0	0	0	0	0	0	0	0	0	0	0	0	0	0	0	0	0	0	0	0	0	0	0	0	0	0	0	0	0	0	0	0	0	0	0	0	0	0	0	0	0	0	0	0	0	0	0	0	0	0	0	0	0	0	0	0	0	0	0	0	0	0	0	0	0	0	0	0	0	0	0	0	0	0	0	0	0	0	0	0	0	0	0	0	0	0	0	0	0	0	0	0	0	0	0	0	0	0	0	0	0	0	0	0	0	0	0	0	0	0	0	0	0	0	0	0	0	0	0	0	0	0	0	0	0	0	0	0	0	0	0	0	0	0	0	0	0	0	0	0	0	0	0	0	0	0	0	0	0	0	0	0	0	0	0	0	0	0	0	0	0	0	0	0	0	0	0	0	0	0	0	0	0	0	0	0	0	0	0	0	0	0	0	0	0	0	0	0	0	0	0	0	0	0	0	0	0	0	0	0	0	0	0	0	0	0	0	0	0	0	0	0	0	0	0	0	0	0	0	0	0	0	0	0	0	0	0	0	0	0	0	0	0	0	0	0	0	0	0	0	0	0	0	0	0	0	0	0	0	0	0	0	0	0	0	0	0	0	0	0	0	0	0	0	0	0	0	0	0	0	0	0	0	0	0	0	0	0	0	0	0	0	0	0	0	0	0	0	0	0	0	0	0	0	0	0	0	0	0	0	0	0	0	0	0	0	0	0	0	0	0	0	0	0	0	0	0	0	0	0	0	0	0	0	0	0	0	0	0	0	0	0	0	0	0	0	0	0	0	0	0	0	0	0	0	0	0	0	0	0	0	0	0	0	0	0	0	0	0	0	0	0	0	0	0	0	0	0	0	0	0	0	0	0	0	0	0	0	0	0	0	0	0	0	0	0	0	0	0	0	0	0	0	0	0	0	0	0	0	0	0	0	0	0	0	0	0	0	0	0	0	0	0	0	0	0	0	0	0	0	0	0	0	0	0	0	0	0	0	0	0	0	0	0	0	0	0	0	0	0	0	0	0	0	0	0	0	0	0	0	0	0	0	0	0
2:het:0-100kb	0	0	1	0	0	0	0	0	0	0	1	1	0	0	0	1	0	0	0	0	0	0	0	1	0	0	0	0	0	0	0	1	1	0	0	0	0	0	0	0	0	0	0	1	0	1	0	0	3	0	0	0	0	0	0	0	0	0	0	0	0	0	0	0	0	0	0	0	0	0	0	0	0	0	1	0	0	0	0	0	0	0	0	0	0	0	0	0	1	0	0	0	1	0	0	0	0	0	0	0	0	0	0	1	0	1	0	0	0	0	0	0	2	0	4	0	1	0	1	0	0	0	6	1	0	0	0	0	0	0	0	0	0	0	0	0	0	0	0	0	0	0	0	0	0	0	1	0	0	0	0	0	0	0	0	0	0	0	0	0	1	0	0	0	0	0	1	0	0	1	0	0	0	0	2	0	0	0	1	0	0	1	0	1	0	0	0	0	0	0	0	0	0	0	0	0	0	0	0	1	0	0	0	0	0	0	0	0	0	0	0	1	0	0	0	0	0	0	0	0	0	0	1	0	0	0	0	0	0	2	0	0	0	1	0	0	0	0	0	0	2	0	0	0	0	0	0	0	0	0	1	0	0	0	0	0	1	0	1	0	0	0	0	0	0	0	0	0	0	0	0	0	0	0	0	1	0	0	0	0	0	0	0	0	0	0	0	0	0	0	0	2	0	0	1	0	0	1	0	0	0	1	0	0	0	0	1	0	0	0	0	0	0	0	0	0	0	0	0	1	1	1	0	0	0	1	0	0	1	0	0	0	0	0	0	0	1	0	0	1	0	0	0	0	0	0	0	3	0	0	0	0	0	0	0	0	0	0	1	0	0	0	2	1	0	1	2	0	0	0	0	0	0	0	0	0	0	1	0	0	0	0	0	2	0	1	0	0	0	0	0	1	0	0	1	1	0	0	0	0	0	0	0	1	0	0	0	0	0	0	0	0	0	0	1	0	0	0	0	0	0	2	0	0	0	0	1	0	0	0	0	0	2	0	0	0	0	0	0	0	0	0	0	0	0	1	0	0	0	0	0	0	0	0	0	0	0	0	0	1	0	0	1	0	0	0	0	0	0	1	0	0	0	0	0	0	0	0	1	0	0	0	0	0	0	0	0	0	0	0	0	0	0	0	0	1	0	0	0	0	0	0	0	0	0	0	0	0	0	0	0	0	0	0	0	0	0	0	0	0	0	0	1	1	0	0	0	0	0	0	0	1	0	0	2	0	0	0	0	0	1	0	0	0	0	0	0	0	0	0	0	0	0	0	0
2:het:100kb-1Mb	2	2	8	0	0	2	0	0	2	0	2	1	1	0	2	8	0	1	0	0	0	1	3	0	1	0	10	1	1	1	1	0	1	6	0	2	0	1	0	2	1	1	1	1	3	0	0	0	1	1	0	0	0	1	1	1	3	0	0	0	2	3	4	1	1	0	0	0	1	0	1	1	0	0	2	2	12	1	1	0	3	1	1	2	2	0	3	0	0	2	1	0	0	2	8	0	2	3	0	2	8	9	1	2	0	1	0	0	0	0	1	0	10	1	1	5	1	0	4	1	0	0	1	3	8	0	0	1	3	4	0	4	0	3	0	2	6	7	1	0	7	1	0	4	0	0	0	5	1	1	3	2	1	0	0	4	0	1	2	2	6	0	0	0	0	7	4	0	0	2	1	3	2	0	1	1	0	6	1	1	3	0	0	0	0	4	1	3	0	20	2	2	2	1	2	2	1	2	0	1	3	0	2	6	0	1	1	1	1	3	0	1	1	1	1	0	2	1	1	0	0	0	2	2	1	0	4	5	3	7	1	1	0	2	1	1	0	3	0	0	2	1	0	3	0	1	9	0	1	0	1	0	2	3	0	4	13	1	5	3	1	1	1	0	1	1	0	0	0	6	0	2	1	0	2	3	0	0	2	3	8	4	1	5	1	4	1	3	0	0	3	1	0	0	2	0	21	0	0	0	3	1	1	5	0	2	1	0	0	1	0	3	0	0	2	0	1	2	4	2	1	0	4	2	2	4	4	1	2	8	0	6	2	1	0	0	0	2	2	5	1	4	0	4	0	3	0	3	3	0	5	0	3	5	2	1	1	0	0	5	5	2	2	2	6	0	1	2	0	0	0	1	2	3	3	2	0	8	0	4	0	1	5	2	2	2	0	1	3	3	0	0	0	2	5	1	1	0	0	0	1	4	1	2	2	0	0	0	1	1	0	0	1	0	1	1	0	5	6	0	1	2	0	2	0	0	3	0	0	1	3	0	16	0	3	1	2	0	4	2	0	1	3	0	0	4	2	2	3	0	0	0	2	1	2	0	1	0	3	7	2	0	2	2	3	0	0	1	2	6	1	0	2	1	2	1	0	0	1	0	3	0	0	2	0	1	2	2	0	0	1	1	1	4	0	1	1	1	0	1	0	2	1	0	1	1	0	3	1	2	2	0	1	1	3	0	1	1	0	1	1	1	1	6	13	2	0	3	0	0	0	8	2	4	6	0	1	1	7	2	2	1	0	2	0	1	3	2	1	1	0	1	4	5	4
2:het:1Mb-10Mb	4	9	33	1	1	6	1	9	2	0	3	0	8	10	0	25	5	11	0	1	0	3	3	0	3	0	15	22	1	4	4	2	4	13	0	30	0	4	4	10	6	7	4	2	8	3	0	5	0	0	0	2	0	5	0	1	3	1	0	0	16	5	3	11	4	0	7	0	9	10	3	5	0	3	10	5	83	8	16	8	12	0	4	12	3	0	17	3	13	12	11	5	4	8	9	0	4	6	0	6	22	55	2	2	11	0	0	9	0	0	2	1	29	0	0	9	10	12	4	1	1	0	0	14	84	0	4	5	15	9	2	13	2	10	2	5	11	5	8	0	20	0	0	7	5	1	3	1	8	2	8	4	0	16	4	22	2	1	10	20	21	1	9	4	3	12	3	0	0	4	11	16	13	1	0	7	3	2	0	13	0	8	1	4	4	2	1	2	25	121	9	9	0	6	8	4	3	10	3	6	12	3	10	3	1	5	2	1	2	20	0	17	0	7	3	0	4	3	11	9	0	0	11	25	8	0	2	3	12	8	0	3	0	11	5	1	3	28	0	1	13	0	3	1	0	8	19	1	3	11	3	1	6	11	0	4	28	3	1	12	8	5	13	1	1	5	0	0	0	68	0	9	17	1	8	5	5	3	13	10	20	6	1	14	13	12	1	2	8	0	12	1	1	5	5	0	124	0	0	0	5	0	5	19	4	12	13	0	14	9	4	7	7	0	30	1	3	8	3	1	3	6	5	5	27	16	13	12	6	13	1	7	12	9	5	4	8	13	2	7	3	3	4	5	1	14	2	0	42	5	7	2	31	9	4	1	2	0	0	1	7	19	3	3	15	2	10	10	1	6	5	6	26	8	4	18	0	10	1	3	0	2	13	10	11	8	6	8	9	14	0	0	12	3	5	6	5	1	0	2	4	8	12	5	20	2	0	0	6	4	0	6	9	5	3	17	0	11	8	17	5	0	0	3	0	3	11	0	2	11	21	0	81	0	8	5	4	4	13	11	3	6	24	2	3	11	15	2	4	5	6	4	6	3	8	0	4	9	4	31	7	5	6	11	18	6	0	1	8	9	0	2	0	5	8	8	0	14	2	0	17	4	10	12	7	2	23	19	0	4	13	0	5	6	0	6	0	11	1	8	2	5	1	5	6	8	1	6	3	4	27	0	8	1	5	3	10	5	0	19	0	8	9	6	88	12	0	9	0	0	0	8	22	6	4	0	1	1	18	9	6	5	11	20	0	2	15	0	1	7	0	0	10	10	4
2:het:10Mb-40Mb	12	6	16	0	1	3	1	7	6	1	6	0	17	8	0	25	6	24	1	1	0	4	1	0	3	0	12	31	5	3	7	1	6	4	1	29	4	4	13	9	12	5	15	4	9	3	0	11	0	2	1	2	0	7	0	2	4	4	1	0	27	6	0	16	9	2	5	0	15	12	1	6	0	9	5	0	61	13	15	15	10	2	1	15	2	0	25	9	11	16	11	22	10	5	5	0	4	3	0	17	24	41	6	0	4	0	3	11	0	0	2	12	7	0	0	14	16	24	6	0	4	0	0	11	54	0	3	9	7	11	3	23	8	15	0	16	9	1	14	0	18	2	0	8	11	1	3	5	16	4	8	11	0	20	1	34	2	2	5	20	30	0	12	9	5	18	8	0	0	4	29	18	29	7	0	18	3	2	1	29	0	16	3	7	9	4	5	1	25	52	14	12	0	8	4	3	7	20	8	1	15	3	14	3	4	4	1	4	0	28	0	19	0	6	4	0	7	1	13	9	0	0	19	7	5	0	7	1	8	1	2	8	0	10	4	3	7	11	0	1	24	6	2	0	2	8	16	2	12	6	6	1	5	10	3	2	6	6	5	5	4	12	16	8	0	6	0	1	0	56	0	12	9	1	22	14	3	14	22	9	12	7	13	13	12	16	2	3	8	0	7	2	6	1	8	0	54	0	0	8	5	1	2	17	4	10	21	3	13	8	11	1	9	0	40	2	7	13	0	2	8	16	1	10	40	23	26	24	14	11	0	10	11	5	14	2	18	12	4	5	8	5	3	6	4	11	2	0	26	3	1	12	28	23	5	0	6	0	0	0	8	16	2	2	11	3	6	14	0	9	6	6	31	3	18	17	0	7	3	12	0	5	25	9	11	3	15	10	12	11	0	0	21	1	3	10	2	1	0	3	4	5	9	5	24	1	0	0	1	7	0	19	3	6	5	14	0	19	22	20	4	0	3	8	0	8	5	0	0	15	28	2	56	0	7	6	7	5	33	27	10	2	34	2	8	22	26	3	1	13	6	1	7	3	20	0	13	8	3	20	32	5	15	16	40	12	3	7	13	9	0	5	3	14	10	11	2	10	2	3	27	9	16	9	6	2	25	8	0	3	12	1	3	8	3	7	0	19	3	12	7	2	1	5	8	7	4	2	4	0	26	6	19	2	2	2	5	15	0	22	0	14	20	10	53	19	0	10	0	0	0	3	16	1	0	0	4	1	29	2	9	17	23	33	0	4	10	0	3	12	0	2	23	14	4
2:het:>40Mb	16	6	1	0	0	8	1	6	0	1	4	0	12	3	1	5	2	9	0	1	4	10	4	0	0	0	6	10	1	4	1	1	15	2	1	9	2	19	13	10	18	13	15	1	3	9	0	18	1	1	0	4	0	14	0	1	4	18	1	0	9	16	1	15	17	0	12	0	16	13	0	4	0	14	3	2	2	14	13	21	3	7	2	12	1	0	9	21	1	2	19	18	16	7	4	0	5	4	0	10	8	8	1	1	6	0	1	15	0	0	0	12	0	0	0	16	18	11	3	0	4	0	0	9	6	0	8	15	0	16	16	16	18	16	0	13	6	3	9	0	3	2	0	15	13	0	0	3	13	12	8	2	0	21	4	10	11	1	3	14	17	1	18	18	1	13	0	0	0	1	11	13	9	1	0	14	1	0	0	11	0	14	0	0	14	2	1	1	8	3	15	4	0	3	4	0	17	14	11	0	3	18	18	4	21	22	0	0	0	12	0	3	0	15	0	0	6	3	6	10	0	1	14	0	0	0	2	0	7	0	19	4	0	3	0	0	2	6	0	0	15	2	17	2	21	3	12	1	15	0	15	3	1	0	1	3	2	2	2	4	1	14	15	17	0	3	0	2	0	11	0	3	2	0	12	13	3	11	11	4	5	14	14	2	0	17	1	0	7	0	2	1	3	3	12	0	1	0	0	16	2	0	1	5	0	1	16	8	14	1	16	9	2	0	21	0	15	10	0	0	16	9	8	6	11	14	13	10	18	3	0	4	2	3	16	3	2	3	1	5	7	3	1	5	18	1	2	0	0	0	0	11	8	6	17	0	4	0	0	6	0	11	1	3	7	1	3	11	0	12	5	2	12	5	15	9	0	7	21	21	0	5	13	1	1	3	16	5	20	3	0	0	13	0	2	3	1	0	0	3	0	1	7	4	10	0	0	0	0	4	0	12	0	17	1	10	0	9	18	8	1	0	0	2	0	14	5	0	1	13	14	0	3	0	1	1	2	4	15	15	20	8	5	1	16	16	11	4	0	15	16	1	0	5	15	3	19	19	2	0	12	7	14	7	23	14	1	16	1	1	0	4	5	16	15	3	18	2	1	4	8	4	9	20	0	2	16	4	0	2	16	1	6	3	8	1	0	19	5	10	18	0	0	1	9	1	1	1	21	0	8	19	13	1	1	3	1	23	0	12	0	5	14	6	3	11	0	1	0	0	0	3	7	2	0	0	1	0	6	3	4	13	19	23	1	3	3	0	2	18	1	1	3	12	3
3-4:het:0-100kb	0	0	0	0	0	0	0	0	0	0	1	0	0	1	1	1	0	1	0	0	0	0	1	0	1	0	2	1	0	1	1	0	0	1	0	9	0	0	1	0	0	1	0	0	0	0	0	0	0	0	0	0	1	0	0	0	2	0	0	0	1	0	0	0	0	0	0	0	0	0	0	0	1	0	2	0	4	1	0	2	2	0	1	0	1	0	2	0	1	0	0	0	0	0	0	0	0	0	1	0	3	2	0	1	0	0	1	1	0	0	0	2	2	0	1	2	0	0	2	0	0	0	0	4	1	0	0	0	1	0	0	1	1	1	0	0	0	1	1	1	4	0	1	0	1	0	0	0	1	0	0	0	0	0	1	1	0	1	0	1	2	0	0	0	0	4	1	0	1	0	0	3	1	0	0	0	1	0	1	1	0	0	0	2	0	0	0	3	1	10	0	1	1	1	0	0	1	0	0	0	1	0	0	0	0	4	1	0	0	3	1	2	0	0	0	0	0	0	0	1	0	0	0	1	0	0	0	0	1	0	0	0	0	0	0	1	0	0	0	0	0	0	0	0	0	0	2	0	0	0	0	0	0	0	0	0	0	0	0	0	0	0	0	0	0	0	2	0	0	4	0	1	0	0	0	1	0	0	0	1	1	0	2	0	2	0	0	0	1	0	1	0	1	0	0	0	5	3	0	0	2	1	0	1	0	0	0	0	2	0	1	0	0	0	0	1	0	0	1	1	0	0	1	2	0	0	0	3	1	0	0	0	0	0	0	1	1	1	0	1	0	0	0	0	0	1	0	1	4	0	0	1	0	0	0	0	1	0	2	0	1	0	0	0	1	0	0	0	0	1	3	1	9	0	1	1	0	0	0	0	0	0	3	0	1	0	0	1	0	1	1	1	2	1	0	2	0	0	0	0	0	0	0	1	0	0	0	0	0	0	0	5	1	0	0	1	0	0	1	0	0	0	0	1	1	0	0	0	1	1	4	0	1	2	1	0	1	0	5	1	0	0	1	0	0	5	1	0	1	2	0	0	2	0	1	0	0	1	1	2	3	0	1	2	2	1	0	0	0	0	0	0	1	0	0	3	0	0	0	0	2	1	1	0	0	0	2	1	2	0	1	1	1	1	0	0	1	0	0	0	1	0	0	1	1	1	0	1	0	0	3	0	1	0	0	1	0	4	1	1	0	0	1	0	1	2	0	0	0	0	0	0	0	0	3	1	0	1	3	0	0	6	5	0	1	0	0	0	0	0	0	0	1	1	1
3-4:het:100kb-1Mb	3	18	30	4	3	4	1	6	12	2	6	4	9	9	4	18	1	9	2	1	6	1	8	4	0	2	4	38	4	2	2	4	4	19	3	16	1	0	0	6	2	1	5	11	17	6	1	1	6	5	12	1	10	2	5	7	9	7	1	8	11	2	13	5	4	3	0	1	11	1	3	4	0	4	23	13	42	8	8	12	17	2	8	7	5	0	21	2	12	11	7	17	3	10	19	0	3	12	3	12	31	45	3	7	18	4	1	9	2	0	14	1	51	1	1	7	7	11	17	4	1	2	1	24	76	8	3	2	26	4	0	15	1	12	5	11	19	13	4	4	22	2	0	5	2	2	3	6	1	0	4	10	10	22	2	35	0	4	13	24	32	0	3	3	3	14	6	3	1	5	17	21	17	0	4	4	10	7	4	15	10	10	6	23	5	3	7	18	21	138	6	21	6	12	15	5	3	4	0	5	11	1	5	9	1	2	2	5	0	11	4	19	2	6	3	0	8	12	28	13	1	1	18	51	14	4	5	36	30	23	0	12	0	9	8	2	14	20	8	1	14	5	4	5	0	10	13	3	2	19	2	5	4	39	4	7	44	5	7	11	8	2	5	6	1	5	4	4	5	101	1	29	26	4	5	18	16	0	8	9	22	11	2	4	14	14	12	8	40	4	11	3	8	7	3	0	107	3	11	1	5	11	6	19	2	16	3	3	5	18	5	4	0	5	46	7	2	8	11	25	1	3	22	15	17	18	28	16	9	10	3	5	11	3	2	11	14	8	4	9	7	3	4	11	1	13	2	7	87	14	13	2	29	39	1	8	31	2	6	4	8	16	10	14	9	2	14	2	1	1	8	5	36	6	6	3	1	17	0	22	3	2	28	14	10	11	2	15	14	21	2	35	8	9	14	11	10	1	2	2	4	18	2	10	8	3	1	3	6	4	0	11	15	2	2	10	0	3	7	8	5	2	1	8	2	0	16	0	13	13	21	6	98	1	14	6	3	5	21	20	2	8	28	2	4	17	7	8	14	7	3	14	14	5	20	0	8	2	12	35	15	2	3	28	29	4	5	0	19	12	3	0	2	10	2	2	0	6	5	1	10	9	14	2	13	12	50	14	2	0	4	12	7	17	1	3	0	23	2	1	1	11	2	17	2	11	1	5	2	3	19	5	9	9	12	2	6	5	1	11	3	5	6	11	83	6	0	18	3	2	1	12	7	13	11	3	11	13	36	2	8	8	15	43	3	11	5	8	1	2	2	1	12	11	12
3-4:het:1Mb-10Mb	5	30	69	7	13	14	12	15	27	5	18	9	4	22	26	60	17	17	9	8	19	14	16	15	15	9	37	23	19	13	17	20	7	19	28	25	10	0	14	24	5	5	9	17	31	3	5	9	5	17	24	4	77	8	7	22	40	8	10	17	12	10	30	12	14	7	19	8	5	7	22	21	6	10	42	39	113	12	16	4	62	6	18	12	26	9	25	13	45	42	9	13	8	27	30	1	18	27	1	8	17	90	15	18	38	30	13	5	7	1	24	4	276	13	9	11	8	8	25	16	22	15	10	27	124	33	32	5	38	9	5	14	4	4	28	16	25	40	11	8	46	12	0	3	8	14	29	21	13	1	16	25	29	10	4	18	1	11	28	11	19	10	7	10	14	20	15	8	8	24	15	11	30	12	14	7	21	21	21	22	13	12	15	149	4	13	19	89	21	68	12	33	31	45	36	18	7	10	20	33	39	1	7	45	0	0	21	31	10	29	6	50	13	15	15	0	10	20	23	14	6	6	20	227	38	8	26	191	33	61	0	23	1	37	27	17	46	54	13	7	13	25	3	6	0	28	25	15	3	110	8	5	39	165	18	4	50	21	18	16	42	14	6	5	4	21	14	18	17	51	12	23	57	10	12	7	25	5	10	33	63	3	11	40	60	25	30	54	43	17	40	17	14	15	2	0	154	8	102	3	22	17	28	39	15	43	12	3	10	66	8	11	34	9	23	14	4	9	36	57	5	11	17	24	37	22	5	14	22	36	6	18	38	35	4	21	53	58	19	28	19	10	44	25	0	37	11	43	213	44	39	3	26	31	3	42	26	19	21	3	44	13	26	34	18	14	19	14	4	17	11	26	30	14	18	25	12	34	0	6	16	20	17	45	23	21	11	33	4	80	4	163	21	31	25	31	40	25	13	8	16	24	6	22	10	6	1	18	33	21	17	12	63	4	28	15	3	17	9	11	22	5	9	51	9	3	30	4	44	8	26	8	89	5	51	22	31	7	21	10	9	16	32	10	9	9	16	32	18	4	10	59	48	26	8	0	9	6	23	79	11	8	8	34	8	13	12	4	30	29	11	7	14	15	6	25	0	28	5	1	16	13	23	12	53	18	3	34	0	23	13	15	24	38	0	26	9	11	5	10	4	42	24	42	6	67	3	12	4	7	27	2	14	27	33	30	18	8	1	15	8	28	14	35	150	20	4	60	13	4	4	21	53	26	52	7	31	30	26	12	26	8	18	18	4	11	47	22	17	10	14	6	32	33	28
3-4:het:10Mb-40Mb	6	17	27	9	17	17	5	14	46	2	10	21	16	37	41	32	33	10	9	13	5	6	15	19	26	10	22	11	15	11	27	19	2	16	21	13	10	0	18	18	13	4	17	14	13	8	17	5	11	8	18	6	54	5	8	33	22	5	8	39	6	6	16	4	16	5	4	10	6	12	10	24	12	1	16	27	4	11	15	15	40	5	15	15	16	18	9	9	30	29	8	13	3	12	28	4	15	8	0	10	11	7	15	8	13	34	6	9	18	5	22	9	43	20	12	11	4	8	17	20	19	19	19	18	7	20	27	2	20	6	7	4	3	10	33	11	29	24	8	15	30	6	0	0	6	34	21	24	7	0	22	30	19	7	2	12	0	23	27	4	5	17	8	6	20	4	30	20	10	30	4	7	5	23	18	12	12	14	24	10	6	14	16	51	5	19	17	63	15	8	11	23	18	39	23	18	5	8	13	30	34	3	15	22	0	0	31	17	25	13	6	12	20	8	14	1	5	13	21	14	7	12	12	28	30	11	18	47	27	28	1	32	2	29	21	37	28	22	5	14	14	23	4	12	0	15	9	22	10	47	3	7	28	60	12	8	21	28	9	13	36	10	12	2	9	17	13	21	10	4	19	28	23	14	15	1	16	10	7	29	29	4	3	31	21	4	12	23	31	23	22	25	9	13	5	4	7	12	42	9	16	16	21	32	22	40	17	12	7	37	10	15	35	11	3	25	7	6	27	27	5	9	20	12	7	8	4	13	15	14	6	23	27	35	4	7	29	40	14	22	14	14	36	15	1	41	21	35	32	21	23	6	8	23	3	46	16	16	23	10	25	10	20	14	12	30	11	10	24	12	12	21	11	13	11	5	10	9	0	1	20	28	4	24	25	19	14	15	3	31	15	58	8	11	45	40	12	26	20	13	20	29	11	14	5	11	0	25	38	11	27	16	48	4	24	9	3	9	6	5	32	21	9	24	19	2	14	17	40	5	9	7	12	5	39	30	17	11	10	12	6	9	16	6	4	8	14	21	32	4	1	64	39	29	5	2	1	10	17	37	5	7	6	23	2	12	11	2	32	19	26	10	10	8	7	34	0	25	12	5	11	22	13	7	42	21	1	12	0	37	9	25	3	23	0	30	23	1	3	6	6	23	15	19	4	25	9	7	0	12	9	1	13	13	18	34	19	10	1	6	14	46	9	20	8	12	17	39	24	6	10	20	32	20	32	10	14	19	7	7	39	6	10	2	10	13	35	19	11	5	22	8	16	4	14
3-4:het:>40Mb	3	14	3	20	16	10	11	8	14	13	12	14	1	8	13	0	10	3	10	10	13	7	16	10	9	5	8	1	11	18	16	15	3	11	5	1	19	0	2	7	1	1	2	9	15	13	8	0	18	9	11	13	3	4	19	8	14	1	11	5	2	4	9	1	4	6	4	18	1	1	13	14	17	0	13	16	0	1	1	2	5	16	7	2	15	10	0	2	4	7	3	1	3	9	10	20	18	23	1	0	1	0	14	16	11	14	9	3	13	20	18	3	0	16	19	0	1	0	12	8	10	15	20	9	0	6	14	2	12	1	1	2	3	3	11	3	13	11	2	4	4	14	0	2	1	9	11	5	4	0	15	10	4	1	13	1	2	10	13	2	2	16	2	2	16	1	13	15	15	12	1	0	1	10	3	2	13	14	15	3	15	1	6	1	1	12	15	11	0	0	1	7	19	6	17	15	4	2	4	11	5	2	0	11	0	0	10	1	12	2	5	9	11	3	10	3	10	8	5	10	0	13	1	0	4	13	15	2	9	8	5	8	0	9	10	14	8	1	5	18	0	12	0	12	0	15	1	16	3	2	4	12	3	1	2	12	5	10	19	18	8	1	2	0	17	15	9	7	8	0	9	12	18	5	2	0	10	4	2	7	10	2	2	8	5	2	14	19	13	17	10	11	11	8	1	18	0	13	4	0	12	11	18	10	9	8	0	11	1	7	2	6	5	21	1	15	2	2	8	13	1	0	9	11	3	1	1	0	2	8	5	8	5	5	1	12	3	2	15	10	10	16	6	17	2	6	11	17	0	18	9	2	1	7	3	16	9	6	10	10	5	1	13	14	5	13	11	0	9	5	11	8	0	13	1	2	15	11	0	1	14	10	0	5	7	17	0	12	0	2	13	0	2	10	13	5	8	10	13	13	14	10	6	10	3	12	1	11	9	9	14	0	7	1	13	1	8	1	0	0	9	13	14	17	11	3	16	18	14	2	4	11	0	13	5	8	15	11	4	1	2	17	2	9	3	2	1	8	15	4	1	6	9	15	2	14	2	0	10	0	1	11	1	9	2	0	13	1	16	18	19	4	10	1	0	9	0	5	16	6	1	13	5	2	4	16	1	8	1	11	1	15	13	17	12	7	11	1	10	2	5	5	2	11	2	3	13	17	0	11	0	5	1	12	19	7	14	3	0	0	15	3	1	9	2	1	11	3	14	3	17	10	6	8	13	15	12	12	2	7	11	3	1	2	15	10	5	9	13	4	7	13	5	0	11
5-8:het:0-100kb	0	1	0	0	0	0	0	0	2	0	1	1	0	0	3	0	0	0	1	1	0	0	0	1	0	1	1	0	0	0	0	2	0	1	1	9	0	0	0	0	0	1	0	1	3	0	0	0	0	0	2	0	3	0	1	3	5	0	0	2	0	0	2	0	0	0	0	0	0	0	0	0	0	0	2	0	0	0	0	2	1	0	1	1	0	0	0	0	1	0	0	0	0	1	0	0	0	1	0	0	0	0	1	0	0	3	0	0	2	0	1	0	5	0	0	0	0	0	0	3	0	1	5	1	0	1	0	0	1	1	0	0	0	0	1	0	1	0	0	0	0	0	1	0	0	0	0	0	0	0	0	0	1	0	0	0	0	0	1	0	0	0	0	0	0	0	0	2	0	0	0	0	0	0	1	0	1	0	2	1	1	0	1	1	0	0	1	2	0	2	0	0	1	1	0	0	0	0	0	0	0	0	0	1	0	0	3	1	0	0	1	0	0	0	1	1	0	0	0	1	3	0	0	2	0	1	0	3	1	0	0	0	0	1	1	0	1	0	1	2	0	0	0	0	0	0	0	0	0	0	0	0	0	2	0	1	3	0	0	2	0	0	0	0	1	0	1	1	3	1	3	3	3	1	0	0	2	1	0	0	0	0	0	0	0	0	3	2	0	0	1	0	1	0	0	0	0	1	2	0	0	2	1	0	1	0	0	0	0	2	1	0	0	0	0	3	0	0	1	0	0	0	0	0	1	0	0	0	0	2	1	0	0	0	0	1	0	1	0	4	1	0	0	1	0	0	1	2	1	2	2	0	1	0	0	3	1	3	0	0	4	0	0	1	2	1	0	0	0	0	0	1	0	0	0	1	0	1	0	0	1	0	0	1	1	0	0	1	1	1	1	7	0	0	2	0	0	0	0	0	0	1	2	0	0	0	1	1	1	0	2	0	0	0	0	0	0	0	0	0	2	1	0	1	0	0	0	0	1	1	0	0	0	1	2	1	0	0	1	0	0	0	0	0	0	0	0	1	0	0	0	2	2	0	0	0	0	0	0	0	0	0	0	2	9	0	0	0	2	4	0	0	0	0	0	0	0	0	0	0	0	0	1	0	0	0	0	1	0	0	1	1	0	0	0	0	1	0	0	0	0	1	1	0	0	0	0	1	1	0	0	0	0	1	0	0	0	0	0	0	0	0	0	0	0	1	1	0	0	0	1	0	0	1	1	0	1	2	0	2	0	0	1	0	0	0	0	0	0	0	1	0	1	1	0
5-8:het:100kb-1Mb	0	20	5	1	0	8	6	6	19	1	2	4	1	0	34	11	2	1	1	4	4	0	4	3	4	22	5	6	5	7	5	11	3	4	25	2	1	0	0	3	1	0	1	5	11	1	1	0	2	11	13	1	57	2	7	31	19	0	4	16	0	0	14	1	0	4	5	12	0	0	3	8	4	0	12	8	16	5	0	2	16	2	4	2	14	4	3	0	10	7	1	0	0	9	13	1	4	6	4	0	0	1	4	4	16	35	3	0	7	5	11	0	35	15	3	0	0	0	7	8	7	3	11	6	25	9	4	0	16	0	0	4	0	1	20	0	21	14	0	21	3	2	3	1	0	15	5	2	0	0	2	0	62	1	0	5	0	0	16	0	2	1	0	0	5	3	9	13	0	3	1	1	3	0	5	1	7	13	4	2	14	1	12	51	1	4	13	69	2	21	0	5	5	7	11	6	0	0	0	7	7	0	1	14	0	0	19	3	3	3	17	6	15	1	3	4	4	8	6	3	17	3	2	42	11	4	5	103	11	27	0	5	0	11	15	3	6	5	16	1	2	6	0	8	0	7	4	1	1	26	4	4	8	38	8	2	36	5	3	10	2	0	1	0	4	1	38	6	8	7	12	13	34	16	3	2	6	0	1	5	12	1	1	3	8	2	17	18	23	10	13	5	4	2	0	0	6	15	98	1	6	14	13	1	3	27	0	0	1	25	0	1	3	2	0	2	0	0	11	9	0	0	19	7	6	2	2	2	2	10	5	3	4	7	0	5	4	6	6	11	6	1	11	3	0	5	4	44	49	14	19	0	2	17	0	48	13	16	19	2	5	2	21	8	16	1	2	1	2	0	9	3	3	5	1	4	2	11	0	3	18	1	0	4	7	14	1	9	0	18	8	146	0	6	29	11	9	10	7	0	8	32	1	9	0	6	14	13	16	6	6	1	42	0	4	2	5	1	0	1	5	2	6	9	6	0	5	8	26	1	2	3	13	9	16	0	9	2	3	0	1	0	0	9	0	1	1	16	30	3	0	38	17	4	2	0	0	0	15	11	1	0	1	11	0	0	6	1	15	15	21	0	5	0	0	5	0	5	5	0	0	11	5	0	11	8	5	5	5	2	0	9	4	10	0	1	7	0	1	0	0	16	11	24	2	14	0	3	1	2	2	0	0	2	15	7	1	0	4	3	6	0	2	1	11	1	2	14	13	0	7	9	3	12	16	6	4	18	5	1	0	0	1	3	10	5	4	9	2	0	3	1	5	3	10
5-8:het:1Mb-10Mb	1	14	16	3	3	20	11	7	11	7	11	12	1	9	22	22	9	4	5	10	11	2	18	17	18	25	12	6	35	9	17	34	9	10	46	3	3	0	1	9	0	0	0	16	11	6	5	0	6	40	33	3	85	2	7	11	32	0	4	18	2	0	38	3	1	13	8	5	0	1	11	7	1	2	9	19	22	0	1	0	43	4	51	4	22	18	3	2	16	24	3	2	1	15	25	4	10	20	14	2	1	6	3	6	35	13	24	1	7	12	19	0	96	14	13	1	0	1	5	19	24	7	2	13	20	40	35	0	20	0	0	0	0	2	34	4	6	20	0	38	17	1	9	1	1	22	10	27	4	0	7	25	67	0	2	1	0	21	19	0	3	8	0	2	14	1	32	17	9	21	1	0	2	40	68	0	7	19	24	7	23	2	43	129	0	13	26	43	3	3	0	11	10	32	39	30	3	0	4	24	41	0	0	56	0	0	10	57	11	1	29	16	56	2	10	5	2	12	11	4	35	8	0	150	26	6	25	181	6	85	0	14	3	21	17	14	22	19	61	6	0	14	0	16	0	13	3	8	1	106	0	4	18	110	97	5	40	20	8	17	31	1	0	1	1	15	35	52	45	6	23	3	18	38	1	2	6	0	0	7	16	0	0	21	41	7	42	34	22	12	28	18	14	13	0	0	18	10	78	0	28	10	40	7	8	28	1	10	0	37	1	0	19	4	1	15	0	0	14	41	0	1	13	7	2	1	1	0	2	21	37	8	25	20	0	8	29	26	19	37	3	1	55	6	0	14	7	9	74	20	46	2	1	17	1	22	33	77	7	4	42	2	3	16	24	16	8	2	6	7	8	20	3	4	5	8	5	12	0	6	8	4	4	19	35	21	2	17	6	44	6	180	4	39	20	18	54	16	10	9	10	10	6	39	3	20	8	25	22	15	25	2	65	7	26	6	11	2	2	3	19	11	17	27	18	0	11	19	31	0	8	12	6	12	55	25	22	5	3	0	0	3	1	25	3	0	1	22	28	1	1	71	49	16	0	0	0	0	43	29	0	1	2	23	1	3	24	0	8	25	23	4	7	1	0	18	0	11	10	7	2	20	7	2	54	10	0	7	2	8	2	6	6	29	0	19	17	0	4	3	0	96	59	63	2	85	5	18	0	10	2	0	6	34	23	23	8	2	4	0	22	6	0	4	24	2	5	14	23	13	2	12	16	45	27	7	15	39	0	15	15	1	1	0	8	6	18	13	17	1	7	5	10	6	14
5-8:het:10Mb-40Mb	0	4	2	1	3	5	9	2	5	4	2	12	1	9	11	4	12	1	6	7	9	3	2	12	13	18	2	0	17	0	14	6	0	3	21	3	3	0	0	0	2	1	1	9	5	1	5	0	13	20	21	2	10	0	4	8	1	0	11	8	0	0	7	1	0	13	3	1	0	0	6	11	7	0	7	7	1	1	1	0	2	0	28	2	6	9	0	3	5	8	2	0	0	0	5	1	3	2	7	2	2	0	3	7	4	7	13	1	7	8	5	0	1	8	8	0	2	0	1	9	16	13	7	0	3	33	8	0	4	0	0	0	0	3	9	0	2	14	1	23	2	1	13	3	0	13	17	11	1	0	4	10	38	0	0	0	1	17	2	0	0	9	0	1	5	1	7	9	10	16	0	0	0	28	34	0	2	4	18	2	3	0	15	2	0	6	5	6	1	0	0	5	11	8	6	18	1	1	4	12	11	0	2	8	0	0	6	35	11	0	5	3	19	1	5	6	1	9	0	0	51	11	0	3	14	1	4	3	0	14	0	14	6	5	15	10	10	4	29	4	0	9	2	7	0	3	2	9	2	7	0	1	9	5	43	5	3	16	4	4	12	1	1	0	2	13	28	26	14	0	15	1	0	22	0	0	0	0	0	4	1	0	1	11	14	0	17	2	3	7	8	7	8	1	0	0	0	4	3	0	6	7	7	5	10	10	3	1	0	8	0	1	7	2	0	11	0	0	8	11	0	1	2	0	2	1	0	1	0	5	29	1	13	14	0	1	5	8	6	11	6	0	28	0	0	7	10	4	1	3	24	0	0	9	0	3	6	24	13	1	16	1	2	4	2	11	2	0	10	4	2	7	1	6	3	0	7	2	0	0	9	3	0	3	13	8	1	3	0	7	4	7	0	9	4	7	11	16	6	4	3	16	1	11	1	10	9	12	7	7	21	3	4	2	12	2	5	0	1	1	9	10	8	4	11	0	6	7	15	0	1	6	0	2	14	15	4	2	0	0	1	3	0	8	1	2	1	4	13	1	0	9	11	14	0	0	0	1	13	6	0	1	0	4	0	0	14	2	8	6	7	0	4	0	0	6	0	6	2	11	0	8	0	2	24	0	0	2	7	16	2	3	2	1	0	9	10	0	1	0	0	27	47	9	0	23	6	4	0	7	0	0	2	11	1	12	3	1	11	1	10	8	1	1	0	0	9	5	14	23	6	5	7	10	5	3	4	7	0	4	11	0	0	0	5	6	22	9	7	0	8	2	3	0	2
5-8:het:>40Mb	0	2	0	0	0	0	5	0	0	1	0	1	0	0	2	1	2	0	0	6	1	2	3	1	3	14	3	0	8	0	1	2	0	5	4	0	1	0	0	1	0	0	0	4	0	1	2	0	1	10	5	1	1	0	2	3	1	0	2	2	0	0	6	0	0	11	0	0	1	0	8	2	3	0	2	1	0	0	0	0	0	0	5	0	0	2	0	0	1	0	0	1	0	0	0	2	0	0	15	0	0	0	1	7	1	1	14	1	2	1	2	0	0	6	1	0	0	0	2	0	4	3	0	2	0	10	1	0	2	0	0	0	0	0	2	0	0	5	0	7	0	1	14	0	0	3	5	2	0	0	0	1	6	0	0	1	0	3	0	0	0	1	0	0	2	0	2	2	5	1	0	0	0	7	9	0	2	5	0	0	1	0	8	0	0	3	3	0	0	0	0	2	1	0	1	1	0	0	0	2	0	0	0	0	0	0	1	4	2	0	16	0	2	0	3	15	1	8	0	0	9	7	0	0	0	1	0	0	0	0	0	1	14	0	4	0	0	0	10	2	0	2	0	8	0	1	0	0	0	0	0	7	0	0	5	1	3	0	2	1	1	0	0	0	0	1	8	5	10	0	1	0	0	4	1	0	0	0	0	0	1	0	0	1	0	0	6	1	1	3	2	1	5	0	0	3	0	1	0	0	2	1	4	1	1	3	0	4	0	1	0	0	1	1	0	0	0	0	0	1	0	0	0	0	0	0	0	0	0	1	8	1	0	1	0	3	2	1	0	3	0	2	1	1	0	1	1	1	0	1	5	0	0	1	0	0	4	5	3	2	0	0	3	1	0	0	1	0	3	0	2	1	0	1	0	0	1	1	0	0	0	0	0	0	0	2	1	2	0	0	2	0	0	1	0	1	2	2	4	1	0	6	0	0	0	4	18	1	1	1	2	0	0	0	0	0	10	0	0	0	4	1	1	1	5	0	0	0	5	0	0	7	0	1	0	2	1	2	0	0	0	0	0	12	0	0	0	3	3	0	0	0	0	2	0	1	0	0	7	1	0	0	0	0	0	0	1	0	1	0	1	0	1	0	0	0	0	0	1	7	0	3	0	0	0	0	0	0	17	0	0	2	1	1	1	1	0	0	2	0	0	0	5	3	0	0	6	5	0	5	0	0	1	3	0	1	0	0	14	0	4	1	0	1	0	0	2	0	0	9	5	2	0	8	0	5	1	9	0	2	0	0	0	0	0	2	0	2	4	0	1	1	0	0	0
9+:het:0-100kb	0	0	0	0	0	0	0	1	0	0	0	0	0	0	0	0	0	1	0	1	0	1	1	0	0	0	0	0	0	0	0	0	0	0	1	1	0	0	0	0	0	0	0	0	1	0	0	0	0	0	2	0	0	0	0	0	1	0	0	0	0	0	2	0	0	0	0	0	0	0	0	1	0	0	2	2	0	0	0	0	3	0	0	0	2	0	0	0	0	0	0	0	0	1	0	0	0	3	0	0	0	0	0	1	1	1	0	0	0	0	1	0	1	1	0	0	0	0	0	1	1	0	0	0	0	0	1	0	2	0	0	0	0	0	0	0	0	2	0	3	0	0	1	0	0	0	0	0	0	0	1	0	0	0	0	0	0	0	1	0	0	1	0	0	0	0	1	0	0	0	0	0	0	0	0	0	0	2	1	0	0	0	1	0	0	0	0	0	0	0	0	0	0	0	2	1	0	0	0	1	0	0	0	3	0	0	0	0	1	0	4	0	1	0	0	1	0	1	0	0	1	0	0	2	1	0	0	2	0	0	0	0	0	0	0	0	0	0	2	0	0	0	0	0	0	0	0	0	0	1	0	0	0	1	0	0	0	0	0	0	0	0	0	0	0	0	2	1	1	0	1	0	1	1	0	0	1	0	0	0	1	0	0	0	0	0	2	2	0	1	1	1	0	0	0	0	0	0	0	0	0	0	1	0	0	0	0	0	0	0	0	0	0	0	0	0	0	0	0	0	0	0	1	0	1	0	0	0	0	1	1	0	0	0	0	0	0	0	0	0	0	0	0	0	0	2	0	2	0	1	10	0	0	0	0	0	2	0	0	0	1	0	0	0	0	0	0	0	0	0	0	0	0	1	0	0	0	0	0	0	0	0	0	0	0	2	0	1	0	0	1	1	0	1	0	0	1	0	0	0	0	0	0	0	0	0	3	0	0	0	0	0	0	0	0	0	0	0	0	0	0	0	0	2	0	0	0	0	2	0	0	0	0	0	0	1	0	0	0	0	0	1	0	0	0	0	0	1	0	0	0	0	0	1	0	0	0	0	3	0	0	0	0	0	0	0	1	0	0	1	0	0	0	0	0	0	0	0	0	0	0	0	1	0	0	0	0	0	0	0	0	0	0	1	0	0	1	0	0	0	0	0	0	0	0	0	0	1	0	0	0	0	0	0	0	0	0	0	3	0	5	0	0	0	0	0	0	0	0	0	0	0	0	1	3	0	0	4	0	0	0	0	0	0	0	0	0	0	0	0	0	0	0	0	0
9+:het:100kb-1Mb	0	1	0	0	2	1	1	6	0	0	0	0	0	0	4	0	0	0	0	0	0	1	5	1	2	3	2	0	13	1	0	6	0	3	10	0	2	0	0	0	0	0	0	5	13	0	0	0	0	4	6	0	7	1	1	2	8	0	0	3	0	0	2	0	0	0	2	2	0	0	4	0	0	0	2	6	1	0	0	0	12	0	1	0	5	0	0	0	0	0	0	0	0	5	6	0	4	6	3	0	0	0	1	11	10	5	4	0	0	1	5	0	1	6	0	0	0	0	3	0	2	1	0	6	0	4	3	0	7	0	0	0	0	0	0	0	5	12	0	11	0	1	3	1	0	3	0	0	0	0	0	0	27	0	1	0	0	1	12	0	0	0	0	0	4	0	2	1	1	1	0	0	0	1	1	0	0	5	0	0	3	0	9	4	0	1	8	9	0	0	0	0	0	1	5	1	0	0	0	1	0	0	0	15	0	0	1	1	3	0	27	5	15	0	3	4	0	0	1	0	2	0	1	6	1	5	4	17	0	15	0	0	0	0	2	0	1	1	13	0	0	2	0	4	0	1	0	0	0	6	0	0	0	3	10	0	12	1	4	4	0	0	0	0	2	0	22	9	13	0	2	0	15	5	0	0	0	0	0	0	17	0	0	0	0	0	11	18	1	0	6	0	2	0	0	0	0	2	11	0	7	0	9	0	0	0	0	1	0	0	0	0	0	2	0	1	0	0	1	10	0	0	13	2	0	0	1	0	0	7	7	1	1	0	0	1	0	1	1	4	1	0	0	1	0	1	0	7	5	6	17	0	0	0	0	16	5	10	2	0	1	0	1	1	1	0	1	0	0	0	0	1	0	4	0	0	0	2	0	0	2	2	0	0	0	9	0	3	1	1	0	50	0	13	2	2	10	0	1	0	0	1	0	0	0	4	5	0	4	4	0	0	6	0	2	0	2	0	0	0	1	0	2	4	2	0	1	1	13	0	0	0	2	1	1	1	2	0	0	0	0	7	0	16	0	0	0	3	6	0	0	4	1	3	0	0	0	0	7	1	0	2	0	4	0	0	3	0	4	3	4	0	2	0	0	1	0	0	1	5	0	0	3	0	0	0	0	0	5	0	0	1	4	18	0	0	0	0	1	0	0	2	6	14	0	2	0	10	0	0	0	0	0	1	4	1	0	0	11	0	4	0	0	0	1	0	1	0	3	3	2	1	1	7	3	0	0	7	0	0	0	0	0	0	0	1	1	3	0	0	0	1	0	0	3
9+:het:1Mb-10Mb	0	3	1	0	3	2	2	5	2	0	3	0	0	1	2	1	0	0	0	2	3	0	14	1	4	9	4	1	15	2	4	2	1	1	10	1	2	0	0	0	0	0	0	4	7	1	1	0	0	15	13	0	21	0	1	0	16	0	11	0	0	0	2	0	0	6	3	1	0	0	4	0	0	0	1	9	2	0	0	0	15	0	17	0	8	1	0	0	0	7	1	0	0	2	5	0	4	15	2	0	0	0	2	4	12	1	13	0	1	0	11	0	3	2	0	0	0	0	3	1	5	1	1	5	2	5	17	0	20	0	0	0	0	0	2	0	1	14	0	6	0	0	4	1	0	4	1	1	0	0	0	1	11	0	5	0	0	2	5	0	0	1	0	0	10	0	4	1	2	0	0	0	0	7	20	0	3	8	4	1	4	0	13	5	0	1	16	0	0	0	0	3	2	0	8	7	0	0	0	1	0	0	0	18	0	0	1	5	0	0	18	6	24	0	8	5	0	0	0	1	6	1	0	12	1	1	3	22	0	16	0	3	3	2	4	4	0	2	13	0	0	0	0	5	0	1	0	0	0	19	1	1	2	6	34	1	10	0	13	7	0	0	0	0	0	1	23	11	43	0	8	1	18	11	0	1	0	0	0	0	11	0	0	0	4	0	17	11	1	3	9	2	1	0	0	0	0	0	12	0	8	0	21	2	0	0	0	2	0	6	0	0	1	7	0	0	0	0	0	8	0	0	8	0	0	0	0	0	0	2	6	2	0	1	0	3	1	0	0	7	2	0	3	4	0	1	4	6	1	7	23	0	0	0	0	3	4	25	1	0	0	0	1	1	3	0	2	2	3	1	0	4	0	5	0	0	1	12	0	1	1	2	0	0	3	10	0	9	1	4	0	27	0	15	2	0	5	2	7	1	1	0	0	1	0	2	2	2	3	7	2	0	4	0	4	0	6	0	0	0	1	1	2	10	0	0	1	1	7	0	0	2	0	0	2	1	2	4	0	0	0	2	0	18	0	0	0	4	1	0	0	6	3	2	0	0	0	0	9	0	0	4	1	11	0	0	6	0	5	1	1	0	3	0	0	0	0	0	5	14	0	1	3	0	5	1	0	0	4	1	0	0	8	12	0	0	2	0	0	0	0	10	13	14	0	2	1	4	0	2	0	0	0	8	21	4	0	0	0	0	4	1	0	0	1	0	0	0	3	2	2	1	3	11	4	4	0	21	0	2	0	0	0	0	0	0	0	2	3	0	0	1	1	0	9
9+:het:10Mb-40Mb	0	0	0	1	0	0	0	0	0	0	0	0	0	0	0	0	0	0	0	0	1	0	0	0	0	0	0	0	3	0	0	0	1	0	2	0	0	0	0	0	0	0	0	0	0	0	0	0	0	2	3	0	0	0	1	0	0	0	3	0	0	0	0	0	0	1	0	0	0	0	2	0	0	0	1	2	0	0	0	0	1	0	1	0	0	1	0	0	0	0	0	0	0	0	0	0	0	0	1	0	0	0	1	0	2	0	0	0	1	1	1	0	0	1	1	0	0	0	0	0	0	2	0	0	0	3	1	0	1	0	0	0	0	0	1	0	0	0	0	0	0	0	3	0	0	2	1	0	0	0	0	0	2	0	1	0	0	0	0	0	0	1	0	1	0	0	0	1	2	1	0	0	0	0	1	0	0	1	2	0	0	0	1	0	0	1	1	0	0	0	0	0	1	1	0	1	0	0	0	0	1	0	0	0	0	0	0	4	0	0	0	0	0	0	2	2	0	0	0	0	4	2	0	0	0	0	0	0	0	0	0	0	4	1	1	2	0	0	1	0	0	0	0	0	0	0	0	2	0	0	0	0	1	0	5	1	0	0	0	0	0	0	0	0	0	0	2	0	1	0	0	0	0	8	0	0	0	0	0	0	0	0	0	0	0	0	0	0	0	0	1	1	0	0	0	0	0	0	0	0	0	0	0	0	0	0	0	0	0	2	0	0	1	0	0	0	0	0	0	0	0	0	0	0	0	0	0	0	0	0	2	0	0	0	0	0	0	1	0	0	0	0	0	0	0	0	1	1	0	0	0	0	0	0	0	0	0	3	0	0	0	0	0	0	0	0	0	0	0	0	0	1	0	0	0	0	0	0	0	0	2	1	0	0	0	0	0	0	0	1	1	0	0	0	0	0	0	1	2	3	0	0	1	0	0	1	3	0	0	0	0	0	0	0	0	0	0	0	0	0	2	0	0	0	1	0	0	0	0	0	0	1	0	0	0	0	0	1	0	0	0	1	0	2	0	0	0	0	0	0	0	0	0	0	0	0	0	0	1	0	0	0	0	0	0	0	1	0	1	0	0	0	0	0	0	0	0	0	0	2	0	0	0	0	1	0	0	0	1	0	0	0	0	0	0	0	0	0	0	0	0	1	6	0	0	0	0	0	0	0	0	0	0	0	1	2	0	0	1	0	1	0	0	0	0	0	2	0	0	2	0	0	0	2	0	1	0	0	0	0	0	0	0	0	1	0	0	0	2	0	0	0	0	0	0
9+:het:>40Mb	0	0	0	0	0	0	0	0	0	0	0	0	0	0	0	0	0	0	0	1	1	0	0	0	0	0	0	0	0	0	0	0	0	0	1	0	0	0	0	0	0	0	0	0	0	0	0	0	1	0	0	0	0	0	0	0	0	0	1	0	0	0	0	0	0	0	0	0	0	0	0	0	0	0	0	0	0	0	0	0	0	0	0	0	0	0	0	0	0	0	0	0	0	0	0	0	0	0	1	0	0	0	0	0	0	0	1	0	0	0	0	0	0	0	0	0	0	0	0	0	0	0	1	0	0	0	0	0	0	0	0	0	0	0	0	0	0	0	0	0	0	0	0	0	0	0	0	0	0	0	0	0	0	0	0	0	0	0	0	0	0	0	0	0	0	0	0	0	0	0	0	0	0	0	0	0	0	0	0	0	0	0	0	0	0	0	0	0	0	0	0	0	0	0	0	0	0	0	0	0	0	0	0	0	0	0	0	0	0	0	0	0	0	0	0	1	0	0	0	0	0	0	0	0	0	1	0	0	0	0	0	0	2	0	1	0	0	0	0	0	0	0	0	0	0	0	0	0	0	0	0	0	0	0	0	0	0	0	0	0	0	0	0	0	0	0	0	0	0	0	0	0	0	0	0	0	0	0	0	0	0	0	0	0	0	0	0	0	0	0	0	0	0	0	0	0	0	0	0	0	0	0	0	0	0	0	0	0	0	0	0	0	0	0	0	0	0	0	0	0	0	0	0	0	0	0	0	0	0	0	0	0	0	0	0	0	0	0	0	0	0	0	0	0	0	0	1	0	0	0	0	0	0	0	0	0	0	1	0	0	0	0	0	0	0	0	0	0	0	0	0	0	0	0	0	0	0	0	0	0	0	0	0	0	0	0	0	0	0	0	0	0	0	0	0	0	0	0	0	0	0	0	0	0	0	0	0	0	0	1	0	0	0	0	0	0	0	0	0	0	0	0	0	0	0	0	0	0	0	0	0	0	0	0	0	0	0	0	0	0	0	0	0	2	0	0	0	0	0	0	0	0	0	0	0	0	0	0	0	0	0	0	0	0	0	0	0	0	0	0	0	0	0	0	0	0	0	0	0	0	0	0	0	0	0	0	0	0	0	0	0	1	0	0	0	0	0	0	0	0	0	0	0	0	0	0	0	0	0	0	0	0	0	0	0	0	0	0	1	0	0	0	0	0	0	0	0	0	0	0	0	0	0	0	0	0	0	0	0	0	0	0	0	0	0	0	0	0	0	0	0	0	0	0	0
